[2026-05-21T08:40:07.552+0000] {processor.py:161} INFO - Started process (PID=60) to work on /opt/airflow/dags/music_processing_dag.py
[2026-05-21T08:40:07.554+0000] {processor.py:830} INFO - Processing file /opt/airflow/dags/music_processing_dag.py for tasks to queue
[2026-05-21T08:40:07.559+0000] {logging_mixin.py:188} INFO - [2026-05-21T08:40:07.559+0000] {dagbag.py:538} INFO - Filling up the DagBag from /opt/airflow/dags/music_processing_dag.py
[2026-05-21T08:40:07.587+0000] {processor.py:840} INFO - DAG(s) 'music_processing' retrieved from /opt/airflow/dags/music_processing_dag.py
[2026-05-21T08:40:07.615+0000] {logging_mixin.py:188} INFO - [2026-05-21T08:40:07.615+0000] {dag.py:3036} INFO - Sync 1 DAGs
[2026-05-21T08:40:07.631+0000] {logging_mixin.py:188} INFO - [2026-05-21T08:40:07.631+0000] {dag.py:3823} INFO - Setting next_dagrun for music_processing to None, run_after=None
[2026-05-21T08:40:07.647+0000] {processor.py:183} INFO - Processing /opt/airflow/dags/music_processing_dag.py took 0.100 seconds
[2026-05-21T08:40:38.510+0000] {processor.py:161} INFO - Started process (PID=61) to work on /opt/airflow/dags/music_processing_dag.py
[2026-05-21T08:40:38.512+0000] {processor.py:830} INFO - Processing file /opt/airflow/dags/music_processing_dag.py for tasks to queue
[2026-05-21T08:40:38.519+0000] {logging_mixin.py:188} INFO - [2026-05-21T08:40:38.518+0000] {dagbag.py:538} INFO - Filling up the DagBag from /opt/airflow/dags/music_processing_dag.py
[2026-05-21T08:40:38.546+0000] {processor.py:840} INFO - DAG(s) 'music_processing' retrieved from /opt/airflow/dags/music_processing_dag.py
[2026-05-21T08:40:38.661+0000] {logging_mixin.py:188} INFO - [2026-05-21T08:40:38.661+0000] {dag.py:3036} INFO - Sync 1 DAGs
[2026-05-21T08:40:38.671+0000] {logging_mixin.py:188} INFO - [2026-05-21T08:40:38.671+0000] {dag.py:3823} INFO - Setting next_dagrun for music_processing to None, run_after=None
[2026-05-21T08:40:38.685+0000] {processor.py:183} INFO - Processing /opt/airflow/dags/music_processing_dag.py took 0.183 seconds
[2026-05-21T08:41:08.807+0000] {processor.py:161} INFO - Started process (PID=62) to work on /opt/airflow/dags/music_processing_dag.py
[2026-05-21T08:41:08.808+0000] {processor.py:830} INFO - Processing file /opt/airflow/dags/music_processing_dag.py for tasks to queue
[2026-05-21T08:41:08.809+0000] {logging_mixin.py:188} INFO - [2026-05-21T08:41:08.809+0000] {dagbag.py:538} INFO - Filling up the DagBag from /opt/airflow/dags/music_processing_dag.py
[2026-05-21T08:41:08.822+0000] {processor.py:840} INFO - DAG(s) 'music_processing' retrieved from /opt/airflow/dags/music_processing_dag.py
[2026-05-21T08:41:08.852+0000] {logging_mixin.py:188} INFO - [2026-05-21T08:41:08.851+0000] {dag.py:3036} INFO - Sync 1 DAGs
[2026-05-21T08:41:08.860+0000] {logging_mixin.py:188} INFO - [2026-05-21T08:41:08.860+0000] {dag.py:3823} INFO - Setting next_dagrun for music_processing to None, run_after=None
[2026-05-21T08:41:08.876+0000] {processor.py:183} INFO - Processing /opt/airflow/dags/music_processing_dag.py took 0.071 seconds
[2026-05-21T08:41:39.023+0000] {processor.py:161} INFO - Started process (PID=63) to work on /opt/airflow/dags/music_processing_dag.py
[2026-05-21T08:41:39.024+0000] {processor.py:830} INFO - Processing file /opt/airflow/dags/music_processing_dag.py for tasks to queue
[2026-05-21T08:41:39.025+0000] {logging_mixin.py:188} INFO - [2026-05-21T08:41:39.025+0000] {dagbag.py:538} INFO - Filling up the DagBag from /opt/airflow/dags/music_processing_dag.py
[2026-05-21T08:41:39.037+0000] {processor.py:840} INFO - DAG(s) 'music_processing' retrieved from /opt/airflow/dags/music_processing_dag.py
[2026-05-21T08:41:39.063+0000] {logging_mixin.py:188} INFO - [2026-05-21T08:41:39.062+0000] {dag.py:3036} INFO - Sync 1 DAGs
[2026-05-21T08:41:39.071+0000] {logging_mixin.py:188} INFO - [2026-05-21T08:41:39.071+0000] {dag.py:3823} INFO - Setting next_dagrun for music_processing to None, run_after=None
[2026-05-21T08:41:39.087+0000] {processor.py:183} INFO - Processing /opt/airflow/dags/music_processing_dag.py took 0.065 seconds
[2026-05-21T08:42:09.269+0000] {processor.py:161} INFO - Started process (PID=64) to work on /opt/airflow/dags/music_processing_dag.py
[2026-05-21T08:42:09.269+0000] {processor.py:830} INFO - Processing file /opt/airflow/dags/music_processing_dag.py for tasks to queue
[2026-05-21T08:42:09.271+0000] {logging_mixin.py:188} INFO - [2026-05-21T08:42:09.271+0000] {dagbag.py:538} INFO - Filling up the DagBag from /opt/airflow/dags/music_processing_dag.py
[2026-05-21T08:42:09.285+0000] {processor.py:840} INFO - DAG(s) 'music_processing' retrieved from /opt/airflow/dags/music_processing_dag.py
[2026-05-21T08:42:09.311+0000] {logging_mixin.py:188} INFO - [2026-05-21T08:42:09.310+0000] {dag.py:3036} INFO - Sync 1 DAGs
[2026-05-21T08:42:09.320+0000] {logging_mixin.py:188} INFO - [2026-05-21T08:42:09.319+0000] {dag.py:3823} INFO - Setting next_dagrun for music_processing to None, run_after=None
[2026-05-21T08:42:09.334+0000] {processor.py:183} INFO - Processing /opt/airflow/dags/music_processing_dag.py took 0.068 seconds
[2026-05-21T08:42:39.492+0000] {processor.py:161} INFO - Started process (PID=65) to work on /opt/airflow/dags/music_processing_dag.py
[2026-05-21T08:42:39.493+0000] {processor.py:830} INFO - Processing file /opt/airflow/dags/music_processing_dag.py for tasks to queue
[2026-05-21T08:42:39.495+0000] {logging_mixin.py:188} INFO - [2026-05-21T08:42:39.494+0000] {dagbag.py:538} INFO - Filling up the DagBag from /opt/airflow/dags/music_processing_dag.py
[2026-05-21T08:42:39.509+0000] {processor.py:840} INFO - DAG(s) 'music_processing' retrieved from /opt/airflow/dags/music_processing_dag.py
[2026-05-21T08:42:39.538+0000] {logging_mixin.py:188} INFO - [2026-05-21T08:42:39.538+0000] {dag.py:3036} INFO - Sync 1 DAGs
[2026-05-21T08:42:39.547+0000] {logging_mixin.py:188} INFO - [2026-05-21T08:42:39.547+0000] {dag.py:3823} INFO - Setting next_dagrun for music_processing to None, run_after=None
[2026-05-21T08:42:39.561+0000] {processor.py:183} INFO - Processing /opt/airflow/dags/music_processing_dag.py took 0.071 seconds
[2026-05-21T08:43:09.740+0000] {processor.py:161} INFO - Started process (PID=66) to work on /opt/airflow/dags/music_processing_dag.py
[2026-05-21T08:43:09.741+0000] {processor.py:830} INFO - Processing file /opt/airflow/dags/music_processing_dag.py for tasks to queue
[2026-05-21T08:43:09.742+0000] {logging_mixin.py:188} INFO - [2026-05-21T08:43:09.742+0000] {dagbag.py:538} INFO - Filling up the DagBag from /opt/airflow/dags/music_processing_dag.py
[2026-05-21T08:43:09.755+0000] {processor.py:840} INFO - DAG(s) 'music_processing' retrieved from /opt/airflow/dags/music_processing_dag.py
[2026-05-21T08:43:09.782+0000] {logging_mixin.py:188} INFO - [2026-05-21T08:43:09.782+0000] {dag.py:3036} INFO - Sync 1 DAGs
[2026-05-21T08:43:09.793+0000] {logging_mixin.py:188} INFO - [2026-05-21T08:43:09.793+0000] {dag.py:3823} INFO - Setting next_dagrun for music_processing to None, run_after=None
[2026-05-21T08:43:09.807+0000] {processor.py:183} INFO - Processing /opt/airflow/dags/music_processing_dag.py took 0.070 seconds
[2026-05-21T08:43:40.147+0000] {processor.py:161} INFO - Started process (PID=67) to work on /opt/airflow/dags/music_processing_dag.py
[2026-05-21T08:43:40.148+0000] {processor.py:830} INFO - Processing file /opt/airflow/dags/music_processing_dag.py for tasks to queue
[2026-05-21T08:43:40.149+0000] {logging_mixin.py:188} INFO - [2026-05-21T08:43:40.149+0000] {dagbag.py:538} INFO - Filling up the DagBag from /opt/airflow/dags/music_processing_dag.py
[2026-05-21T08:43:40.164+0000] {processor.py:840} INFO - DAG(s) 'music_processing' retrieved from /opt/airflow/dags/music_processing_dag.py
[2026-05-21T08:43:40.191+0000] {logging_mixin.py:188} INFO - [2026-05-21T08:43:40.190+0000] {dag.py:3036} INFO - Sync 1 DAGs
[2026-05-21T08:43:40.199+0000] {logging_mixin.py:188} INFO - [2026-05-21T08:43:40.199+0000] {dag.py:3823} INFO - Setting next_dagrun for music_processing to None, run_after=None
[2026-05-21T08:43:40.210+0000] {processor.py:183} INFO - Processing /opt/airflow/dags/music_processing_dag.py took 0.067 seconds
[2026-05-21T08:44:10.410+0000] {processor.py:161} INFO - Started process (PID=68) to work on /opt/airflow/dags/music_processing_dag.py
[2026-05-21T08:44:10.411+0000] {processor.py:830} INFO - Processing file /opt/airflow/dags/music_processing_dag.py for tasks to queue
[2026-05-21T08:44:10.412+0000] {logging_mixin.py:188} INFO - [2026-05-21T08:44:10.412+0000] {dagbag.py:538} INFO - Filling up the DagBag from /opt/airflow/dags/music_processing_dag.py
[2026-05-21T08:44:10.423+0000] {processor.py:840} INFO - DAG(s) 'music_processing' retrieved from /opt/airflow/dags/music_processing_dag.py
[2026-05-21T08:44:10.448+0000] {logging_mixin.py:188} INFO - [2026-05-21T08:44:10.448+0000] {dag.py:3036} INFO - Sync 1 DAGs
[2026-05-21T08:44:10.456+0000] {logging_mixin.py:188} INFO - [2026-05-21T08:44:10.456+0000] {dag.py:3823} INFO - Setting next_dagrun for music_processing to None, run_after=None
[2026-05-21T08:44:10.469+0000] {processor.py:183} INFO - Processing /opt/airflow/dags/music_processing_dag.py took 0.061 seconds
[2026-05-21T08:44:40.619+0000] {processor.py:161} INFO - Started process (PID=69) to work on /opt/airflow/dags/music_processing_dag.py
[2026-05-21T08:44:40.620+0000] {processor.py:830} INFO - Processing file /opt/airflow/dags/music_processing_dag.py for tasks to queue
[2026-05-21T08:44:40.621+0000] {logging_mixin.py:188} INFO - [2026-05-21T08:44:40.621+0000] {dagbag.py:538} INFO - Filling up the DagBag from /opt/airflow/dags/music_processing_dag.py
[2026-05-21T08:44:40.633+0000] {processor.py:840} INFO - DAG(s) 'music_processing' retrieved from /opt/airflow/dags/music_processing_dag.py
[2026-05-21T08:44:40.655+0000] {logging_mixin.py:188} INFO - [2026-05-21T08:44:40.655+0000] {dag.py:3036} INFO - Sync 1 DAGs
[2026-05-21T08:44:40.663+0000] {logging_mixin.py:188} INFO - [2026-05-21T08:44:40.663+0000] {dag.py:3823} INFO - Setting next_dagrun for music_processing to None, run_after=None
[2026-05-21T08:44:40.676+0000] {processor.py:183} INFO - Processing /opt/airflow/dags/music_processing_dag.py took 0.059 seconds
[2026-05-21T08:45:10.961+0000] {processor.py:161} INFO - Started process (PID=70) to work on /opt/airflow/dags/music_processing_dag.py
[2026-05-21T08:45:10.962+0000] {processor.py:830} INFO - Processing file /opt/airflow/dags/music_processing_dag.py for tasks to queue
[2026-05-21T08:45:10.964+0000] {logging_mixin.py:188} INFO - [2026-05-21T08:45:10.963+0000] {dagbag.py:538} INFO - Filling up the DagBag from /opt/airflow/dags/music_processing_dag.py
[2026-05-21T08:45:10.982+0000] {processor.py:840} INFO - DAG(s) 'music_processing' retrieved from /opt/airflow/dags/music_processing_dag.py
[2026-05-21T08:45:11.007+0000] {logging_mixin.py:188} INFO - [2026-05-21T08:45:11.006+0000] {dag.py:3036} INFO - Sync 1 DAGs
[2026-05-21T08:45:11.017+0000] {logging_mixin.py:188} INFO - [2026-05-21T08:45:11.017+0000] {dag.py:3823} INFO - Setting next_dagrun for music_processing to None, run_after=None
[2026-05-21T08:45:11.033+0000] {processor.py:183} INFO - Processing /opt/airflow/dags/music_processing_dag.py took 0.076 seconds
[2026-05-21T08:45:41.236+0000] {processor.py:161} INFO - Started process (PID=71) to work on /opt/airflow/dags/music_processing_dag.py
[2026-05-21T08:45:41.237+0000] {processor.py:830} INFO - Processing file /opt/airflow/dags/music_processing_dag.py for tasks to queue
[2026-05-21T08:45:41.239+0000] {logging_mixin.py:188} INFO - [2026-05-21T08:45:41.239+0000] {dagbag.py:538} INFO - Filling up the DagBag from /opt/airflow/dags/music_processing_dag.py
[2026-05-21T08:45:41.251+0000] {processor.py:840} INFO - DAG(s) 'music_processing' retrieved from /opt/airflow/dags/music_processing_dag.py
[2026-05-21T08:45:41.277+0000] {logging_mixin.py:188} INFO - [2026-05-21T08:45:41.277+0000] {dag.py:3036} INFO - Sync 1 DAGs
[2026-05-21T08:45:41.286+0000] {logging_mixin.py:188} INFO - [2026-05-21T08:45:41.285+0000] {dag.py:3823} INFO - Setting next_dagrun for music_processing to None, run_after=None
[2026-05-21T08:45:41.297+0000] {processor.py:183} INFO - Processing /opt/airflow/dags/music_processing_dag.py took 0.064 seconds
[2026-05-21T08:46:11.520+0000] {processor.py:161} INFO - Started process (PID=72) to work on /opt/airflow/dags/music_processing_dag.py
[2026-05-21T08:46:11.521+0000] {processor.py:830} INFO - Processing file /opt/airflow/dags/music_processing_dag.py for tasks to queue
[2026-05-21T08:46:11.522+0000] {logging_mixin.py:188} INFO - [2026-05-21T08:46:11.522+0000] {dagbag.py:538} INFO - Filling up the DagBag from /opt/airflow/dags/music_processing_dag.py
[2026-05-21T08:46:11.532+0000] {processor.py:840} INFO - DAG(s) 'music_processing' retrieved from /opt/airflow/dags/music_processing_dag.py
[2026-05-21T08:46:11.555+0000] {logging_mixin.py:188} INFO - [2026-05-21T08:46:11.554+0000] {dag.py:3036} INFO - Sync 1 DAGs
[2026-05-21T08:46:11.562+0000] {logging_mixin.py:188} INFO - [2026-05-21T08:46:11.562+0000] {dag.py:3823} INFO - Setting next_dagrun for music_processing to None, run_after=None
[2026-05-21T08:46:11.573+0000] {processor.py:183} INFO - Processing /opt/airflow/dags/music_processing_dag.py took 0.055 seconds
[2026-05-21T08:46:41.840+0000] {processor.py:161} INFO - Started process (PID=73) to work on /opt/airflow/dags/music_processing_dag.py
[2026-05-21T08:46:41.841+0000] {processor.py:830} INFO - Processing file /opt/airflow/dags/music_processing_dag.py for tasks to queue
[2026-05-21T08:46:41.842+0000] {logging_mixin.py:188} INFO - [2026-05-21T08:46:41.842+0000] {dagbag.py:538} INFO - Filling up the DagBag from /opt/airflow/dags/music_processing_dag.py
[2026-05-21T08:46:41.853+0000] {processor.py:840} INFO - DAG(s) 'music_processing' retrieved from /opt/airflow/dags/music_processing_dag.py
[2026-05-21T08:46:41.878+0000] {logging_mixin.py:188} INFO - [2026-05-21T08:46:41.878+0000] {dag.py:3036} INFO - Sync 1 DAGs
[2026-05-21T08:46:41.887+0000] {logging_mixin.py:188} INFO - [2026-05-21T08:46:41.887+0000] {dag.py:3823} INFO - Setting next_dagrun for music_processing to None, run_after=None
[2026-05-21T08:46:41.899+0000] {processor.py:183} INFO - Processing /opt/airflow/dags/music_processing_dag.py took 0.062 seconds
[2026-05-21T08:47:12.149+0000] {processor.py:161} INFO - Started process (PID=74) to work on /opt/airflow/dags/music_processing_dag.py
[2026-05-21T08:47:12.150+0000] {processor.py:830} INFO - Processing file /opt/airflow/dags/music_processing_dag.py for tasks to queue
[2026-05-21T08:47:12.152+0000] {logging_mixin.py:188} INFO - [2026-05-21T08:47:12.152+0000] {dagbag.py:538} INFO - Filling up the DagBag from /opt/airflow/dags/music_processing_dag.py
[2026-05-21T08:47:12.168+0000] {processor.py:840} INFO - DAG(s) 'music_processing' retrieved from /opt/airflow/dags/music_processing_dag.py
[2026-05-21T08:47:12.196+0000] {logging_mixin.py:188} INFO - [2026-05-21T08:47:12.196+0000] {dag.py:3036} INFO - Sync 1 DAGs
[2026-05-21T08:47:12.205+0000] {logging_mixin.py:188} INFO - [2026-05-21T08:47:12.205+0000] {dag.py:3823} INFO - Setting next_dagrun for music_processing to None, run_after=None
[2026-05-21T08:47:12.218+0000] {processor.py:183} INFO - Processing /opt/airflow/dags/music_processing_dag.py took 0.072 seconds
[2026-05-21T08:47:42.370+0000] {processor.py:161} INFO - Started process (PID=75) to work on /opt/airflow/dags/music_processing_dag.py
[2026-05-21T08:47:42.371+0000] {processor.py:830} INFO - Processing file /opt/airflow/dags/music_processing_dag.py for tasks to queue
[2026-05-21T08:47:42.372+0000] {logging_mixin.py:188} INFO - [2026-05-21T08:47:42.372+0000] {dagbag.py:538} INFO - Filling up the DagBag from /opt/airflow/dags/music_processing_dag.py
[2026-05-21T08:47:42.385+0000] {processor.py:840} INFO - DAG(s) 'music_processing' retrieved from /opt/airflow/dags/music_processing_dag.py
[2026-05-21T08:47:42.415+0000] {logging_mixin.py:188} INFO - [2026-05-21T08:47:42.415+0000] {dag.py:3036} INFO - Sync 1 DAGs
[2026-05-21T08:47:42.424+0000] {logging_mixin.py:188} INFO - [2026-05-21T08:47:42.423+0000] {dag.py:3823} INFO - Setting next_dagrun for music_processing to None, run_after=None
[2026-05-21T08:47:42.438+0000] {processor.py:183} INFO - Processing /opt/airflow/dags/music_processing_dag.py took 0.070 seconds
[2026-05-21T08:48:12.626+0000] {processor.py:161} INFO - Started process (PID=76) to work on /opt/airflow/dags/music_processing_dag.py
[2026-05-21T08:48:12.627+0000] {processor.py:830} INFO - Processing file /opt/airflow/dags/music_processing_dag.py for tasks to queue
[2026-05-21T08:48:12.629+0000] {logging_mixin.py:188} INFO - [2026-05-21T08:48:12.629+0000] {dagbag.py:538} INFO - Filling up the DagBag from /opt/airflow/dags/music_processing_dag.py
[2026-05-21T08:48:12.643+0000] {processor.py:840} INFO - DAG(s) 'music_processing' retrieved from /opt/airflow/dags/music_processing_dag.py
[2026-05-21T08:48:12.670+0000] {logging_mixin.py:188} INFO - [2026-05-21T08:48:12.670+0000] {dag.py:3036} INFO - Sync 1 DAGs
[2026-05-21T08:48:12.678+0000] {logging_mixin.py:188} INFO - [2026-05-21T08:48:12.678+0000] {dag.py:3823} INFO - Setting next_dagrun for music_processing to None, run_after=None
[2026-05-21T08:48:12.695+0000] {processor.py:183} INFO - Processing /opt/airflow/dags/music_processing_dag.py took 0.071 seconds
[2026-05-21T08:48:43.123+0000] {processor.py:161} INFO - Started process (PID=77) to work on /opt/airflow/dags/music_processing_dag.py
[2026-05-21T08:48:43.124+0000] {processor.py:830} INFO - Processing file /opt/airflow/dags/music_processing_dag.py for tasks to queue
[2026-05-21T08:48:43.125+0000] {logging_mixin.py:188} INFO - [2026-05-21T08:48:43.125+0000] {dagbag.py:538} INFO - Filling up the DagBag from /opt/airflow/dags/music_processing_dag.py
[2026-05-21T08:48:43.137+0000] {processor.py:840} INFO - DAG(s) 'music_processing' retrieved from /opt/airflow/dags/music_processing_dag.py
[2026-05-21T08:48:43.163+0000] {logging_mixin.py:188} INFO - [2026-05-21T08:48:43.163+0000] {dag.py:3036} INFO - Sync 1 DAGs
[2026-05-21T08:48:43.171+0000] {logging_mixin.py:188} INFO - [2026-05-21T08:48:43.171+0000] {dag.py:3823} INFO - Setting next_dagrun for music_processing to None, run_after=None
[2026-05-21T08:48:43.184+0000] {processor.py:183} INFO - Processing /opt/airflow/dags/music_processing_dag.py took 0.063 seconds
[2026-05-21T08:49:13.588+0000] {processor.py:161} INFO - Started process (PID=78) to work on /opt/airflow/dags/music_processing_dag.py
[2026-05-21T08:49:13.589+0000] {processor.py:830} INFO - Processing file /opt/airflow/dags/music_processing_dag.py for tasks to queue
[2026-05-21T08:49:13.590+0000] {logging_mixin.py:188} INFO - [2026-05-21T08:49:13.590+0000] {dagbag.py:538} INFO - Filling up the DagBag from /opt/airflow/dags/music_processing_dag.py
[2026-05-21T08:49:13.601+0000] {processor.py:840} INFO - DAG(s) 'music_processing' retrieved from /opt/airflow/dags/music_processing_dag.py
[2026-05-21T08:49:13.626+0000] {logging_mixin.py:188} INFO - [2026-05-21T08:49:13.626+0000] {dag.py:3036} INFO - Sync 1 DAGs
[2026-05-21T08:49:13.635+0000] {logging_mixin.py:188} INFO - [2026-05-21T08:49:13.635+0000] {dag.py:3823} INFO - Setting next_dagrun for music_processing to None, run_after=None
[2026-05-21T08:49:13.649+0000] {processor.py:183} INFO - Processing /opt/airflow/dags/music_processing_dag.py took 0.062 seconds
[2026-05-21T08:49:43.884+0000] {processor.py:161} INFO - Started process (PID=79) to work on /opt/airflow/dags/music_processing_dag.py
[2026-05-21T08:49:43.885+0000] {processor.py:830} INFO - Processing file /opt/airflow/dags/music_processing_dag.py for tasks to queue
[2026-05-21T08:49:43.886+0000] {logging_mixin.py:188} INFO - [2026-05-21T08:49:43.886+0000] {dagbag.py:538} INFO - Filling up the DagBag from /opt/airflow/dags/music_processing_dag.py
[2026-05-21T08:49:43.900+0000] {processor.py:840} INFO - DAG(s) 'music_processing' retrieved from /opt/airflow/dags/music_processing_dag.py
[2026-05-21T08:49:43.927+0000] {logging_mixin.py:188} INFO - [2026-05-21T08:49:43.927+0000] {dag.py:3036} INFO - Sync 1 DAGs
[2026-05-21T08:49:43.936+0000] {logging_mixin.py:188} INFO - [2026-05-21T08:49:43.935+0000] {dag.py:3823} INFO - Setting next_dagrun for music_processing to None, run_after=None
[2026-05-21T08:49:43.949+0000] {processor.py:183} INFO - Processing /opt/airflow/dags/music_processing_dag.py took 0.067 seconds
[2026-05-21T08:50:14.171+0000] {processor.py:161} INFO - Started process (PID=80) to work on /opt/airflow/dags/music_processing_dag.py
[2026-05-21T08:50:14.172+0000] {processor.py:830} INFO - Processing file /opt/airflow/dags/music_processing_dag.py for tasks to queue
[2026-05-21T08:50:14.173+0000] {logging_mixin.py:188} INFO - [2026-05-21T08:50:14.173+0000] {dagbag.py:538} INFO - Filling up the DagBag from /opt/airflow/dags/music_processing_dag.py
[2026-05-21T08:50:14.185+0000] {processor.py:840} INFO - DAG(s) 'music_processing' retrieved from /opt/airflow/dags/music_processing_dag.py
[2026-05-21T08:50:14.213+0000] {logging_mixin.py:188} INFO - [2026-05-21T08:50:14.213+0000] {dag.py:3036} INFO - Sync 1 DAGs
[2026-05-21T08:50:14.222+0000] {logging_mixin.py:188} INFO - [2026-05-21T08:50:14.222+0000] {dag.py:3823} INFO - Setting next_dagrun for music_processing to None, run_after=None
[2026-05-21T08:50:14.234+0000] {processor.py:183} INFO - Processing /opt/airflow/dags/music_processing_dag.py took 0.065 seconds
[2026-05-21T08:50:44.425+0000] {processor.py:161} INFO - Started process (PID=81) to work on /opt/airflow/dags/music_processing_dag.py
[2026-05-21T08:50:44.426+0000] {processor.py:830} INFO - Processing file /opt/airflow/dags/music_processing_dag.py for tasks to queue
[2026-05-21T08:50:44.429+0000] {logging_mixin.py:188} INFO - [2026-05-21T08:50:44.428+0000] {dagbag.py:538} INFO - Filling up the DagBag from /opt/airflow/dags/music_processing_dag.py
[2026-05-21T08:50:44.448+0000] {processor.py:840} INFO - DAG(s) 'music_processing' retrieved from /opt/airflow/dags/music_processing_dag.py
[2026-05-21T08:50:44.481+0000] {logging_mixin.py:188} INFO - [2026-05-21T08:50:44.481+0000] {dag.py:3036} INFO - Sync 1 DAGs
[2026-05-21T08:50:44.490+0000] {logging_mixin.py:188} INFO - [2026-05-21T08:50:44.490+0000] {dag.py:3823} INFO - Setting next_dagrun for music_processing to None, run_after=None
[2026-05-21T08:50:44.502+0000] {processor.py:183} INFO - Processing /opt/airflow/dags/music_processing_dag.py took 0.080 seconds
[2026-05-21T08:51:14.673+0000] {processor.py:161} INFO - Started process (PID=82) to work on /opt/airflow/dags/music_processing_dag.py
[2026-05-21T08:51:14.674+0000] {processor.py:830} INFO - Processing file /opt/airflow/dags/music_processing_dag.py for tasks to queue
[2026-05-21T08:51:14.677+0000] {logging_mixin.py:188} INFO - [2026-05-21T08:51:14.676+0000] {dagbag.py:538} INFO - Filling up the DagBag from /opt/airflow/dags/music_processing_dag.py
[2026-05-21T08:51:14.692+0000] {processor.py:840} INFO - DAG(s) 'music_processing' retrieved from /opt/airflow/dags/music_processing_dag.py
[2026-05-21T08:51:14.722+0000] {logging_mixin.py:188} INFO - [2026-05-21T08:51:14.721+0000] {dag.py:3036} INFO - Sync 1 DAGs
[2026-05-21T08:51:14.730+0000] {logging_mixin.py:188} INFO - [2026-05-21T08:51:14.730+0000] {dag.py:3823} INFO - Setting next_dagrun for music_processing to None, run_after=None
[2026-05-21T08:51:14.742+0000] {processor.py:183} INFO - Processing /opt/airflow/dags/music_processing_dag.py took 0.072 seconds
[2026-05-21T08:51:44.888+0000] {processor.py:161} INFO - Started process (PID=83) to work on /opt/airflow/dags/music_processing_dag.py
[2026-05-21T08:51:44.890+0000] {processor.py:830} INFO - Processing file /opt/airflow/dags/music_processing_dag.py for tasks to queue
[2026-05-21T08:51:44.891+0000] {logging_mixin.py:188} INFO - [2026-05-21T08:51:44.891+0000] {dagbag.py:538} INFO - Filling up the DagBag from /opt/airflow/dags/music_processing_dag.py
[2026-05-21T08:51:44.903+0000] {processor.py:840} INFO - DAG(s) 'music_processing' retrieved from /opt/airflow/dags/music_processing_dag.py
[2026-05-21T08:51:44.928+0000] {logging_mixin.py:188} INFO - [2026-05-21T08:51:44.928+0000] {dag.py:3036} INFO - Sync 1 DAGs
[2026-05-21T08:51:44.936+0000] {logging_mixin.py:188} INFO - [2026-05-21T08:51:44.935+0000] {dag.py:3823} INFO - Setting next_dagrun for music_processing to None, run_after=None
[2026-05-21T08:51:44.948+0000] {processor.py:183} INFO - Processing /opt/airflow/dags/music_processing_dag.py took 0.064 seconds
[2026-05-21T08:52:15.131+0000] {processor.py:161} INFO - Started process (PID=84) to work on /opt/airflow/dags/music_processing_dag.py
[2026-05-21T08:52:15.132+0000] {processor.py:830} INFO - Processing file /opt/airflow/dags/music_processing_dag.py for tasks to queue
[2026-05-21T08:52:15.134+0000] {logging_mixin.py:188} INFO - [2026-05-21T08:52:15.133+0000] {dagbag.py:538} INFO - Filling up the DagBag from /opt/airflow/dags/music_processing_dag.py
[2026-05-21T08:52:15.147+0000] {processor.py:840} INFO - DAG(s) 'music_processing' retrieved from /opt/airflow/dags/music_processing_dag.py
[2026-05-21T08:52:15.175+0000] {logging_mixin.py:188} INFO - [2026-05-21T08:52:15.175+0000] {dag.py:3036} INFO - Sync 1 DAGs
[2026-05-21T08:52:15.183+0000] {logging_mixin.py:188} INFO - [2026-05-21T08:52:15.183+0000] {dag.py:3823} INFO - Setting next_dagrun for music_processing to None, run_after=None
[2026-05-21T08:52:15.199+0000] {processor.py:183} INFO - Processing /opt/airflow/dags/music_processing_dag.py took 0.072 seconds
[2026-05-21T08:52:45.480+0000] {processor.py:161} INFO - Started process (PID=85) to work on /opt/airflow/dags/music_processing_dag.py
[2026-05-21T08:52:45.481+0000] {processor.py:830} INFO - Processing file /opt/airflow/dags/music_processing_dag.py for tasks to queue
[2026-05-21T08:52:45.485+0000] {logging_mixin.py:188} INFO - [2026-05-21T08:52:45.483+0000] {dagbag.py:538} INFO - Filling up the DagBag from /opt/airflow/dags/music_processing_dag.py
[2026-05-21T08:52:45.502+0000] {processor.py:840} INFO - DAG(s) 'music_processing' retrieved from /opt/airflow/dags/music_processing_dag.py
[2026-05-21T08:52:45.528+0000] {logging_mixin.py:188} INFO - [2026-05-21T08:52:45.527+0000] {dag.py:3036} INFO - Sync 1 DAGs
[2026-05-21T08:52:45.537+0000] {logging_mixin.py:188} INFO - [2026-05-21T08:52:45.537+0000] {dag.py:3823} INFO - Setting next_dagrun for music_processing to None, run_after=None
[2026-05-21T08:52:45.550+0000] {processor.py:183} INFO - Processing /opt/airflow/dags/music_processing_dag.py took 0.074 seconds
[2026-05-21T08:53:15.742+0000] {processor.py:161} INFO - Started process (PID=86) to work on /opt/airflow/dags/music_processing_dag.py
[2026-05-21T08:53:15.742+0000] {processor.py:830} INFO - Processing file /opt/airflow/dags/music_processing_dag.py for tasks to queue
[2026-05-21T08:53:15.743+0000] {logging_mixin.py:188} INFO - [2026-05-21T08:53:15.743+0000] {dagbag.py:538} INFO - Filling up the DagBag from /opt/airflow/dags/music_processing_dag.py
[2026-05-21T08:53:15.753+0000] {processor.py:840} INFO - DAG(s) 'music_processing' retrieved from /opt/airflow/dags/music_processing_dag.py
[2026-05-21T08:53:15.776+0000] {logging_mixin.py:188} INFO - [2026-05-21T08:53:15.776+0000] {dag.py:3036} INFO - Sync 1 DAGs
[2026-05-21T08:53:15.785+0000] {logging_mixin.py:188} INFO - [2026-05-21T08:53:15.785+0000] {dag.py:3823} INFO - Setting next_dagrun for music_processing to None, run_after=None
[2026-05-21T08:53:15.799+0000] {processor.py:183} INFO - Processing /opt/airflow/dags/music_processing_dag.py took 0.059 seconds
[2026-05-21T08:53:46.060+0000] {processor.py:161} INFO - Started process (PID=87) to work on /opt/airflow/dags/music_processing_dag.py
[2026-05-21T08:53:46.060+0000] {processor.py:830} INFO - Processing file /opt/airflow/dags/music_processing_dag.py for tasks to queue
[2026-05-21T08:53:46.062+0000] {logging_mixin.py:188} INFO - [2026-05-21T08:53:46.062+0000] {dagbag.py:538} INFO - Filling up the DagBag from /opt/airflow/dags/music_processing_dag.py
[2026-05-21T08:53:46.079+0000] {processor.py:840} INFO - DAG(s) 'music_processing' retrieved from /opt/airflow/dags/music_processing_dag.py
[2026-05-21T08:53:46.102+0000] {logging_mixin.py:188} INFO - [2026-05-21T08:53:46.101+0000] {dag.py:3036} INFO - Sync 1 DAGs
[2026-05-21T08:53:46.109+0000] {logging_mixin.py:188} INFO - [2026-05-21T08:53:46.108+0000] {dag.py:3823} INFO - Setting next_dagrun for music_processing to None, run_after=None
[2026-05-21T08:53:46.122+0000] {processor.py:183} INFO - Processing /opt/airflow/dags/music_processing_dag.py took 0.066 seconds
[2026-05-21T08:54:16.365+0000] {processor.py:161} INFO - Started process (PID=88) to work on /opt/airflow/dags/music_processing_dag.py
[2026-05-21T08:54:16.366+0000] {processor.py:830} INFO - Processing file /opt/airflow/dags/music_processing_dag.py for tasks to queue
[2026-05-21T08:54:16.367+0000] {logging_mixin.py:188} INFO - [2026-05-21T08:54:16.367+0000] {dagbag.py:538} INFO - Filling up the DagBag from /opt/airflow/dags/music_processing_dag.py
[2026-05-21T08:54:16.380+0000] {processor.py:840} INFO - DAG(s) 'music_processing' retrieved from /opt/airflow/dags/music_processing_dag.py
[2026-05-21T08:54:16.403+0000] {logging_mixin.py:188} INFO - [2026-05-21T08:54:16.403+0000] {dag.py:3036} INFO - Sync 1 DAGs
[2026-05-21T08:54:16.411+0000] {logging_mixin.py:188} INFO - [2026-05-21T08:54:16.410+0000] {dag.py:3823} INFO - Setting next_dagrun for music_processing to None, run_after=None
[2026-05-21T08:54:16.423+0000] {processor.py:183} INFO - Processing /opt/airflow/dags/music_processing_dag.py took 0.062 seconds
[2026-05-21T08:54:46.730+0000] {processor.py:161} INFO - Started process (PID=89) to work on /opt/airflow/dags/music_processing_dag.py
[2026-05-21T08:54:46.730+0000] {processor.py:830} INFO - Processing file /opt/airflow/dags/music_processing_dag.py for tasks to queue
[2026-05-21T08:54:46.732+0000] {logging_mixin.py:188} INFO - [2026-05-21T08:54:46.731+0000] {dagbag.py:538} INFO - Filling up the DagBag from /opt/airflow/dags/music_processing_dag.py
[2026-05-21T08:54:46.743+0000] {processor.py:840} INFO - DAG(s) 'music_processing' retrieved from /opt/airflow/dags/music_processing_dag.py
[2026-05-21T08:54:46.767+0000] {logging_mixin.py:188} INFO - [2026-05-21T08:54:46.766+0000] {dag.py:3036} INFO - Sync 1 DAGs
[2026-05-21T08:54:46.773+0000] {logging_mixin.py:188} INFO - [2026-05-21T08:54:46.773+0000] {dag.py:3823} INFO - Setting next_dagrun for music_processing to None, run_after=None
[2026-05-21T08:54:46.786+0000] {processor.py:183} INFO - Processing /opt/airflow/dags/music_processing_dag.py took 0.058 seconds
[2026-05-21T08:55:17.029+0000] {processor.py:161} INFO - Started process (PID=90) to work on /opt/airflow/dags/music_processing_dag.py
[2026-05-21T08:55:17.030+0000] {processor.py:830} INFO - Processing file /opt/airflow/dags/music_processing_dag.py for tasks to queue
[2026-05-21T08:55:17.031+0000] {logging_mixin.py:188} INFO - [2026-05-21T08:55:17.031+0000] {dagbag.py:538} INFO - Filling up the DagBag from /opt/airflow/dags/music_processing_dag.py
[2026-05-21T08:55:17.042+0000] {processor.py:840} INFO - DAG(s) 'music_processing' retrieved from /opt/airflow/dags/music_processing_dag.py
[2026-05-21T08:55:17.065+0000] {logging_mixin.py:188} INFO - [2026-05-21T08:55:17.064+0000] {dag.py:3036} INFO - Sync 1 DAGs
[2026-05-21T08:55:17.072+0000] {logging_mixin.py:188} INFO - [2026-05-21T08:55:17.072+0000] {dag.py:3823} INFO - Setting next_dagrun for music_processing to None, run_after=None
[2026-05-21T08:55:17.085+0000] {processor.py:183} INFO - Processing /opt/airflow/dags/music_processing_dag.py took 0.058 seconds
[2026-05-21T08:55:47.315+0000] {processor.py:161} INFO - Started process (PID=91) to work on /opt/airflow/dags/music_processing_dag.py
[2026-05-21T08:55:47.315+0000] {processor.py:830} INFO - Processing file /opt/airflow/dags/music_processing_dag.py for tasks to queue
[2026-05-21T08:55:47.316+0000] {logging_mixin.py:188} INFO - [2026-05-21T08:55:47.316+0000] {dagbag.py:538} INFO - Filling up the DagBag from /opt/airflow/dags/music_processing_dag.py
[2026-05-21T08:55:47.326+0000] {processor.py:840} INFO - DAG(s) 'music_processing' retrieved from /opt/airflow/dags/music_processing_dag.py
[2026-05-21T08:55:47.348+0000] {logging_mixin.py:188} INFO - [2026-05-21T08:55:47.347+0000] {dag.py:3036} INFO - Sync 1 DAGs
[2026-05-21T08:55:47.355+0000] {logging_mixin.py:188} INFO - [2026-05-21T08:55:47.355+0000] {dag.py:3823} INFO - Setting next_dagrun for music_processing to None, run_after=None
[2026-05-21T08:55:47.367+0000] {processor.py:183} INFO - Processing /opt/airflow/dags/music_processing_dag.py took 0.054 seconds
[2026-05-21T08:56:17.554+0000] {processor.py:161} INFO - Started process (PID=92) to work on /opt/airflow/dags/music_processing_dag.py
[2026-05-21T08:56:17.554+0000] {processor.py:830} INFO - Processing file /opt/airflow/dags/music_processing_dag.py for tasks to queue
[2026-05-21T08:56:17.556+0000] {logging_mixin.py:188} INFO - [2026-05-21T08:56:17.556+0000] {dagbag.py:538} INFO - Filling up the DagBag from /opt/airflow/dags/music_processing_dag.py
[2026-05-21T08:56:17.566+0000] {processor.py:840} INFO - DAG(s) 'music_processing' retrieved from /opt/airflow/dags/music_processing_dag.py
[2026-05-21T08:56:17.588+0000] {logging_mixin.py:188} INFO - [2026-05-21T08:56:17.588+0000] {dag.py:3036} INFO - Sync 1 DAGs
[2026-05-21T08:56:17.596+0000] {logging_mixin.py:188} INFO - [2026-05-21T08:56:17.596+0000] {dag.py:3823} INFO - Setting next_dagrun for music_processing to None, run_after=None
[2026-05-21T08:56:17.609+0000] {processor.py:183} INFO - Processing /opt/airflow/dags/music_processing_dag.py took 0.057 seconds
[2026-05-21T08:56:47.740+0000] {processor.py:161} INFO - Started process (PID=93) to work on /opt/airflow/dags/music_processing_dag.py
[2026-05-21T08:56:47.741+0000] {processor.py:830} INFO - Processing file /opt/airflow/dags/music_processing_dag.py for tasks to queue
[2026-05-21T08:56:47.742+0000] {logging_mixin.py:188} INFO - [2026-05-21T08:56:47.742+0000] {dagbag.py:538} INFO - Filling up the DagBag from /opt/airflow/dags/music_processing_dag.py
[2026-05-21T08:56:47.758+0000] {processor.py:840} INFO - DAG(s) 'music_processing' retrieved from /opt/airflow/dags/music_processing_dag.py
[2026-05-21T08:56:47.784+0000] {logging_mixin.py:188} INFO - [2026-05-21T08:56:47.784+0000] {dag.py:3036} INFO - Sync 1 DAGs
[2026-05-21T08:56:47.793+0000] {logging_mixin.py:188} INFO - [2026-05-21T08:56:47.793+0000] {dag.py:3823} INFO - Setting next_dagrun for music_processing to None, run_after=None
[2026-05-21T08:56:47.808+0000] {processor.py:183} INFO - Processing /opt/airflow/dags/music_processing_dag.py took 0.070 seconds
[2026-05-21T08:57:18.003+0000] {processor.py:161} INFO - Started process (PID=94) to work on /opt/airflow/dags/music_processing_dag.py
[2026-05-21T08:57:18.004+0000] {processor.py:830} INFO - Processing file /opt/airflow/dags/music_processing_dag.py for tasks to queue
[2026-05-21T08:57:18.005+0000] {logging_mixin.py:188} INFO - [2026-05-21T08:57:18.005+0000] {dagbag.py:538} INFO - Filling up the DagBag from /opt/airflow/dags/music_processing_dag.py
[2026-05-21T08:57:18.019+0000] {processor.py:840} INFO - DAG(s) 'music_processing' retrieved from /opt/airflow/dags/music_processing_dag.py
[2026-05-21T08:57:18.046+0000] {logging_mixin.py:188} INFO - [2026-05-21T08:57:18.046+0000] {dag.py:3036} INFO - Sync 1 DAGs
[2026-05-21T08:57:18.056+0000] {logging_mixin.py:188} INFO - [2026-05-21T08:57:18.056+0000] {dag.py:3823} INFO - Setting next_dagrun for music_processing to None, run_after=None
[2026-05-21T08:57:18.070+0000] {processor.py:183} INFO - Processing /opt/airflow/dags/music_processing_dag.py took 0.071 seconds
[2026-05-21T08:57:48.261+0000] {processor.py:161} INFO - Started process (PID=95) to work on /opt/airflow/dags/music_processing_dag.py
[2026-05-21T08:57:48.262+0000] {processor.py:830} INFO - Processing file /opt/airflow/dags/music_processing_dag.py for tasks to queue
[2026-05-21T08:57:48.263+0000] {logging_mixin.py:188} INFO - [2026-05-21T08:57:48.263+0000] {dagbag.py:538} INFO - Filling up the DagBag from /opt/airflow/dags/music_processing_dag.py
[2026-05-21T08:57:48.276+0000] {processor.py:840} INFO - DAG(s) 'music_processing' retrieved from /opt/airflow/dags/music_processing_dag.py
[2026-05-21T08:57:48.299+0000] {logging_mixin.py:188} INFO - [2026-05-21T08:57:48.299+0000] {dag.py:3036} INFO - Sync 1 DAGs
[2026-05-21T08:57:48.308+0000] {logging_mixin.py:188} INFO - [2026-05-21T08:57:48.308+0000] {dag.py:3823} INFO - Setting next_dagrun for music_processing to None, run_after=None
[2026-05-21T08:57:48.321+0000] {processor.py:183} INFO - Processing /opt/airflow/dags/music_processing_dag.py took 0.062 seconds
[2026-05-21T08:58:18.569+0000] {processor.py:161} INFO - Started process (PID=96) to work on /opt/airflow/dags/music_processing_dag.py
[2026-05-21T08:58:18.570+0000] {processor.py:830} INFO - Processing file /opt/airflow/dags/music_processing_dag.py for tasks to queue
[2026-05-21T08:58:18.572+0000] {logging_mixin.py:188} INFO - [2026-05-21T08:58:18.572+0000] {dagbag.py:538} INFO - Filling up the DagBag from /opt/airflow/dags/music_processing_dag.py
[2026-05-21T08:58:18.583+0000] {processor.py:840} INFO - DAG(s) 'music_processing' retrieved from /opt/airflow/dags/music_processing_dag.py
[2026-05-21T08:58:18.606+0000] {logging_mixin.py:188} INFO - [2026-05-21T08:58:18.606+0000] {dag.py:3036} INFO - Sync 1 DAGs
[2026-05-21T08:58:18.614+0000] {logging_mixin.py:188} INFO - [2026-05-21T08:58:18.614+0000] {dag.py:3823} INFO - Setting next_dagrun for music_processing to None, run_after=None
[2026-05-21T08:58:18.626+0000] {processor.py:183} INFO - Processing /opt/airflow/dags/music_processing_dag.py took 0.061 seconds
[2026-05-21T08:58:48.955+0000] {processor.py:161} INFO - Started process (PID=97) to work on /opt/airflow/dags/music_processing_dag.py
[2026-05-21T08:58:48.956+0000] {processor.py:830} INFO - Processing file /opt/airflow/dags/music_processing_dag.py for tasks to queue
[2026-05-21T08:58:48.957+0000] {logging_mixin.py:188} INFO - [2026-05-21T08:58:48.957+0000] {dagbag.py:538} INFO - Filling up the DagBag from /opt/airflow/dags/music_processing_dag.py
[2026-05-21T08:58:48.969+0000] {processor.py:840} INFO - DAG(s) 'music_processing' retrieved from /opt/airflow/dags/music_processing_dag.py
[2026-05-21T08:58:48.993+0000] {logging_mixin.py:188} INFO - [2026-05-21T08:58:48.992+0000] {dag.py:3036} INFO - Sync 1 DAGs
[2026-05-21T08:58:49.002+0000] {logging_mixin.py:188} INFO - [2026-05-21T08:58:49.001+0000] {dag.py:3823} INFO - Setting next_dagrun for music_processing to None, run_after=None
[2026-05-21T08:58:49.014+0000] {processor.py:183} INFO - Processing /opt/airflow/dags/music_processing_dag.py took 0.061 seconds
[2026-05-21T08:59:19.263+0000] {processor.py:161} INFO - Started process (PID=98) to work on /opt/airflow/dags/music_processing_dag.py
[2026-05-21T08:59:19.264+0000] {processor.py:830} INFO - Processing file /opt/airflow/dags/music_processing_dag.py for tasks to queue
[2026-05-21T08:59:19.266+0000] {logging_mixin.py:188} INFO - [2026-05-21T08:59:19.266+0000] {dagbag.py:538} INFO - Filling up the DagBag from /opt/airflow/dags/music_processing_dag.py
[2026-05-21T08:59:19.277+0000] {processor.py:840} INFO - DAG(s) 'music_processing' retrieved from /opt/airflow/dags/music_processing_dag.py
[2026-05-21T08:59:19.300+0000] {logging_mixin.py:188} INFO - [2026-05-21T08:59:19.300+0000] {dag.py:3036} INFO - Sync 1 DAGs
[2026-05-21T08:59:19.308+0000] {logging_mixin.py:188} INFO - [2026-05-21T08:59:19.308+0000] {dag.py:3823} INFO - Setting next_dagrun for music_processing to None, run_after=None
[2026-05-21T08:59:19.322+0000] {processor.py:183} INFO - Processing /opt/airflow/dags/music_processing_dag.py took 0.061 seconds
[2026-05-21T08:59:49.751+0000] {processor.py:161} INFO - Started process (PID=99) to work on /opt/airflow/dags/music_processing_dag.py
[2026-05-21T08:59:49.752+0000] {processor.py:830} INFO - Processing file /opt/airflow/dags/music_processing_dag.py for tasks to queue
[2026-05-21T08:59:49.753+0000] {logging_mixin.py:188} INFO - [2026-05-21T08:59:49.753+0000] {dagbag.py:538} INFO - Filling up the DagBag from /opt/airflow/dags/music_processing_dag.py
[2026-05-21T08:59:49.765+0000] {processor.py:840} INFO - DAG(s) 'music_processing' retrieved from /opt/airflow/dags/music_processing_dag.py
[2026-05-21T08:59:49.794+0000] {logging_mixin.py:188} INFO - [2026-05-21T08:59:49.793+0000] {dag.py:3036} INFO - Sync 1 DAGs
[2026-05-21T08:59:49.802+0000] {logging_mixin.py:188} INFO - [2026-05-21T08:59:49.802+0000] {dag.py:3823} INFO - Setting next_dagrun for music_processing to None, run_after=None
[2026-05-21T08:59:49.820+0000] {processor.py:183} INFO - Processing /opt/airflow/dags/music_processing_dag.py took 0.070 seconds
[2026-05-21T09:00:20.043+0000] {processor.py:161} INFO - Started process (PID=100) to work on /opt/airflow/dags/music_processing_dag.py
[2026-05-21T09:00:20.044+0000] {processor.py:830} INFO - Processing file /opt/airflow/dags/music_processing_dag.py for tasks to queue
[2026-05-21T09:00:20.045+0000] {logging_mixin.py:188} INFO - [2026-05-21T09:00:20.045+0000] {dagbag.py:538} INFO - Filling up the DagBag from /opt/airflow/dags/music_processing_dag.py
[2026-05-21T09:00:20.058+0000] {processor.py:840} INFO - DAG(s) 'music_processing' retrieved from /opt/airflow/dags/music_processing_dag.py
[2026-05-21T09:00:20.081+0000] {logging_mixin.py:188} INFO - [2026-05-21T09:00:20.081+0000] {dag.py:3036} INFO - Sync 1 DAGs
[2026-05-21T09:00:20.088+0000] {logging_mixin.py:188} INFO - [2026-05-21T09:00:20.088+0000] {dag.py:3823} INFO - Setting next_dagrun for music_processing to None, run_after=None
[2026-05-21T09:00:20.099+0000] {processor.py:183} INFO - Processing /opt/airflow/dags/music_processing_dag.py took 0.062 seconds
[2026-05-21T09:00:50.460+0000] {processor.py:161} INFO - Started process (PID=101) to work on /opt/airflow/dags/music_processing_dag.py
[2026-05-21T09:00:50.461+0000] {processor.py:830} INFO - Processing file /opt/airflow/dags/music_processing_dag.py for tasks to queue
[2026-05-21T09:00:50.462+0000] {logging_mixin.py:188} INFO - [2026-05-21T09:00:50.462+0000] {dagbag.py:538} INFO - Filling up the DagBag from /opt/airflow/dags/music_processing_dag.py
[2026-05-21T09:00:50.476+0000] {processor.py:840} INFO - DAG(s) 'music_processing' retrieved from /opt/airflow/dags/music_processing_dag.py
[2026-05-21T09:00:50.500+0000] {logging_mixin.py:188} INFO - [2026-05-21T09:00:50.500+0000] {dag.py:3036} INFO - Sync 1 DAGs
[2026-05-21T09:00:50.507+0000] {logging_mixin.py:188} INFO - [2026-05-21T09:00:50.507+0000] {dag.py:3823} INFO - Setting next_dagrun for music_processing to None, run_after=None
[2026-05-21T09:00:50.518+0000] {processor.py:183} INFO - Processing /opt/airflow/dags/music_processing_dag.py took 0.061 seconds
[2026-05-21T09:01:20.809+0000] {processor.py:161} INFO - Started process (PID=102) to work on /opt/airflow/dags/music_processing_dag.py
[2026-05-21T09:01:20.810+0000] {processor.py:830} INFO - Processing file /opt/airflow/dags/music_processing_dag.py for tasks to queue
[2026-05-21T09:01:20.812+0000] {logging_mixin.py:188} INFO - [2026-05-21T09:01:20.812+0000] {dagbag.py:538} INFO - Filling up the DagBag from /opt/airflow/dags/music_processing_dag.py
[2026-05-21T09:01:20.828+0000] {processor.py:840} INFO - DAG(s) 'music_processing' retrieved from /opt/airflow/dags/music_processing_dag.py
[2026-05-21T09:01:20.853+0000] {logging_mixin.py:188} INFO - [2026-05-21T09:01:20.852+0000] {dag.py:3036} INFO - Sync 1 DAGs
[2026-05-21T09:01:20.861+0000] {logging_mixin.py:188} INFO - [2026-05-21T09:01:20.861+0000] {dag.py:3823} INFO - Setting next_dagrun for music_processing to None, run_after=None
[2026-05-21T09:01:20.875+0000] {processor.py:183} INFO - Processing /opt/airflow/dags/music_processing_dag.py took 0.070 seconds
[2026-05-21T09:01:51.140+0000] {processor.py:161} INFO - Started process (PID=103) to work on /opt/airflow/dags/music_processing_dag.py
[2026-05-21T09:01:51.141+0000] {processor.py:830} INFO - Processing file /opt/airflow/dags/music_processing_dag.py for tasks to queue
[2026-05-21T09:01:51.143+0000] {logging_mixin.py:188} INFO - [2026-05-21T09:01:51.143+0000] {dagbag.py:538} INFO - Filling up the DagBag from /opt/airflow/dags/music_processing_dag.py
[2026-05-21T09:01:51.158+0000] {processor.py:840} INFO - DAG(s) 'music_processing' retrieved from /opt/airflow/dags/music_processing_dag.py
[2026-05-21T09:01:51.181+0000] {logging_mixin.py:188} INFO - [2026-05-21T09:01:51.180+0000] {dag.py:3036} INFO - Sync 1 DAGs
[2026-05-21T09:01:51.193+0000] {logging_mixin.py:188} INFO - [2026-05-21T09:01:51.192+0000] {dag.py:3823} INFO - Setting next_dagrun for music_processing to None, run_after=None
[2026-05-21T09:01:51.206+0000] {processor.py:183} INFO - Processing /opt/airflow/dags/music_processing_dag.py took 0.069 seconds
[2026-05-21T09:02:21.394+0000] {processor.py:161} INFO - Started process (PID=104) to work on /opt/airflow/dags/music_processing_dag.py
[2026-05-21T09:02:21.395+0000] {processor.py:830} INFO - Processing file /opt/airflow/dags/music_processing_dag.py for tasks to queue
[2026-05-21T09:02:21.396+0000] {logging_mixin.py:188} INFO - [2026-05-21T09:02:21.396+0000] {dagbag.py:538} INFO - Filling up the DagBag from /opt/airflow/dags/music_processing_dag.py
[2026-05-21T09:02:21.410+0000] {processor.py:840} INFO - DAG(s) 'music_processing' retrieved from /opt/airflow/dags/music_processing_dag.py
[2026-05-21T09:02:21.439+0000] {logging_mixin.py:188} INFO - [2026-05-21T09:02:21.439+0000] {dag.py:3036} INFO - Sync 1 DAGs
[2026-05-21T09:02:21.446+0000] {logging_mixin.py:188} INFO - [2026-05-21T09:02:21.446+0000] {dag.py:3823} INFO - Setting next_dagrun for music_processing to None, run_after=None
[2026-05-21T09:02:21.459+0000] {processor.py:183} INFO - Processing /opt/airflow/dags/music_processing_dag.py took 0.066 seconds
[2026-05-21T09:02:51.663+0000] {processor.py:161} INFO - Started process (PID=105) to work on /opt/airflow/dags/music_processing_dag.py
[2026-05-21T09:02:51.663+0000] {processor.py:830} INFO - Processing file /opt/airflow/dags/music_processing_dag.py for tasks to queue
[2026-05-21T09:02:51.664+0000] {logging_mixin.py:188} INFO - [2026-05-21T09:02:51.664+0000] {dagbag.py:538} INFO - Filling up the DagBag from /opt/airflow/dags/music_processing_dag.py
[2026-05-21T09:02:51.674+0000] {processor.py:840} INFO - DAG(s) 'music_processing' retrieved from /opt/airflow/dags/music_processing_dag.py
[2026-05-21T09:02:51.698+0000] {logging_mixin.py:188} INFO - [2026-05-21T09:02:51.698+0000] {dag.py:3036} INFO - Sync 1 DAGs
[2026-05-21T09:02:51.705+0000] {logging_mixin.py:188} INFO - [2026-05-21T09:02:51.705+0000] {dag.py:3823} INFO - Setting next_dagrun for music_processing to None, run_after=None
[2026-05-21T09:02:51.716+0000] {processor.py:183} INFO - Processing /opt/airflow/dags/music_processing_dag.py took 0.056 seconds
[2026-05-21T09:03:21.815+0000] {processor.py:161} INFO - Started process (PID=106) to work on /opt/airflow/dags/music_processing_dag.py
[2026-05-21T09:03:21.816+0000] {processor.py:830} INFO - Processing file /opt/airflow/dags/music_processing_dag.py for tasks to queue
[2026-05-21T09:03:21.817+0000] {logging_mixin.py:188} INFO - [2026-05-21T09:03:21.817+0000] {dagbag.py:538} INFO - Filling up the DagBag from /opt/airflow/dags/music_processing_dag.py
[2026-05-21T09:03:21.834+0000] {processor.py:840} INFO - DAG(s) 'music_processing' retrieved from /opt/airflow/dags/music_processing_dag.py
[2026-05-21T09:03:21.866+0000] {logging_mixin.py:188} INFO - [2026-05-21T09:03:21.866+0000] {dag.py:3036} INFO - Sync 1 DAGs
[2026-05-21T09:03:21.903+0000] {logging_mixin.py:188} INFO - [2026-05-21T09:03:21.903+0000] {dag.py:3823} INFO - Setting next_dagrun for music_processing to None, run_after=None
[2026-05-21T09:03:21.927+0000] {processor.py:183} INFO - Processing /opt/airflow/dags/music_processing_dag.py took 0.114 seconds
[2026-05-21T09:03:52.076+0000] {processor.py:161} INFO - Started process (PID=107) to work on /opt/airflow/dags/music_processing_dag.py
[2026-05-21T09:03:52.078+0000] {processor.py:830} INFO - Processing file /opt/airflow/dags/music_processing_dag.py for tasks to queue
[2026-05-21T09:03:52.079+0000] {logging_mixin.py:188} INFO - [2026-05-21T09:03:52.079+0000] {dagbag.py:538} INFO - Filling up the DagBag from /opt/airflow/dags/music_processing_dag.py
[2026-05-21T09:03:52.099+0000] {processor.py:840} INFO - DAG(s) 'music_processing' retrieved from /opt/airflow/dags/music_processing_dag.py
[2026-05-21T09:03:52.124+0000] {logging_mixin.py:188} INFO - [2026-05-21T09:03:52.123+0000] {dag.py:3036} INFO - Sync 1 DAGs
[2026-05-21T09:03:52.133+0000] {logging_mixin.py:188} INFO - [2026-05-21T09:03:52.132+0000] {dag.py:3823} INFO - Setting next_dagrun for music_processing to None, run_after=None
[2026-05-21T09:03:52.143+0000] {processor.py:183} INFO - Processing /opt/airflow/dags/music_processing_dag.py took 0.071 seconds
[2026-05-21T09:04:22.319+0000] {processor.py:161} INFO - Started process (PID=108) to work on /opt/airflow/dags/music_processing_dag.py
[2026-05-21T09:04:22.320+0000] {processor.py:830} INFO - Processing file /opt/airflow/dags/music_processing_dag.py for tasks to queue
[2026-05-21T09:04:22.321+0000] {logging_mixin.py:188} INFO - [2026-05-21T09:04:22.321+0000] {dagbag.py:538} INFO - Filling up the DagBag from /opt/airflow/dags/music_processing_dag.py
[2026-05-21T09:04:22.335+0000] {processor.py:840} INFO - DAG(s) 'music_processing' retrieved from /opt/airflow/dags/music_processing_dag.py
[2026-05-21T09:04:22.358+0000] {logging_mixin.py:188} INFO - [2026-05-21T09:04:22.357+0000] {dag.py:3036} INFO - Sync 1 DAGs
[2026-05-21T09:04:22.365+0000] {logging_mixin.py:188} INFO - [2026-05-21T09:04:22.364+0000] {dag.py:3823} INFO - Setting next_dagrun for music_processing to None, run_after=None
[2026-05-21T09:04:22.377+0000] {processor.py:183} INFO - Processing /opt/airflow/dags/music_processing_dag.py took 0.060 seconds
[2026-05-21T09:04:52.503+0000] {processor.py:161} INFO - Started process (PID=109) to work on /opt/airflow/dags/music_processing_dag.py
[2026-05-21T09:04:52.503+0000] {processor.py:830} INFO - Processing file /opt/airflow/dags/music_processing_dag.py for tasks to queue
[2026-05-21T09:04:52.505+0000] {logging_mixin.py:188} INFO - [2026-05-21T09:04:52.504+0000] {dagbag.py:538} INFO - Filling up the DagBag from /opt/airflow/dags/music_processing_dag.py
[2026-05-21T09:04:52.515+0000] {processor.py:840} INFO - DAG(s) 'music_processing' retrieved from /opt/airflow/dags/music_processing_dag.py
[2026-05-21T09:04:52.538+0000] {logging_mixin.py:188} INFO - [2026-05-21T09:04:52.538+0000] {dag.py:3036} INFO - Sync 1 DAGs
[2026-05-21T09:04:52.546+0000] {logging_mixin.py:188} INFO - [2026-05-21T09:04:52.546+0000] {dag.py:3823} INFO - Setting next_dagrun for music_processing to None, run_after=None
[2026-05-21T09:04:52.560+0000] {processor.py:183} INFO - Processing /opt/airflow/dags/music_processing_dag.py took 0.060 seconds
[2026-05-21T09:05:22.726+0000] {processor.py:161} INFO - Started process (PID=110) to work on /opt/airflow/dags/music_processing_dag.py
[2026-05-21T09:05:22.727+0000] {processor.py:830} INFO - Processing file /opt/airflow/dags/music_processing_dag.py for tasks to queue
[2026-05-21T09:05:22.729+0000] {logging_mixin.py:188} INFO - [2026-05-21T09:05:22.729+0000] {dagbag.py:538} INFO - Filling up the DagBag from /opt/airflow/dags/music_processing_dag.py
[2026-05-21T09:05:22.744+0000] {processor.py:840} INFO - DAG(s) 'music_processing' retrieved from /opt/airflow/dags/music_processing_dag.py
[2026-05-21T09:05:22.767+0000] {logging_mixin.py:188} INFO - [2026-05-21T09:05:22.767+0000] {dag.py:3036} INFO - Sync 1 DAGs
[2026-05-21T09:05:22.774+0000] {logging_mixin.py:188} INFO - [2026-05-21T09:05:22.774+0000] {dag.py:3823} INFO - Setting next_dagrun for music_processing to None, run_after=None
[2026-05-21T09:05:22.787+0000] {processor.py:183} INFO - Processing /opt/airflow/dags/music_processing_dag.py took 0.065 seconds
[2026-05-21T09:05:52.965+0000] {processor.py:161} INFO - Started process (PID=111) to work on /opt/airflow/dags/music_processing_dag.py
[2026-05-21T09:05:52.966+0000] {processor.py:830} INFO - Processing file /opt/airflow/dags/music_processing_dag.py for tasks to queue
[2026-05-21T09:05:52.968+0000] {logging_mixin.py:188} INFO - [2026-05-21T09:05:52.967+0000] {dagbag.py:538} INFO - Filling up the DagBag from /opt/airflow/dags/music_processing_dag.py
[2026-05-21T09:05:52.980+0000] {processor.py:840} INFO - DAG(s) 'music_processing' retrieved from /opt/airflow/dags/music_processing_dag.py
[2026-05-21T09:05:53.002+0000] {logging_mixin.py:188} INFO - [2026-05-21T09:05:53.002+0000] {dag.py:3036} INFO - Sync 1 DAGs
[2026-05-21T09:05:53.010+0000] {logging_mixin.py:188} INFO - [2026-05-21T09:05:53.009+0000] {dag.py:3823} INFO - Setting next_dagrun for music_processing to None, run_after=None
[2026-05-21T09:05:53.021+0000] {processor.py:183} INFO - Processing /opt/airflow/dags/music_processing_dag.py took 0.059 seconds
[2026-05-21T09:06:23.200+0000] {processor.py:161} INFO - Started process (PID=112) to work on /opt/airflow/dags/music_processing_dag.py
[2026-05-21T09:06:23.201+0000] {processor.py:830} INFO - Processing file /opt/airflow/dags/music_processing_dag.py for tasks to queue
[2026-05-21T09:06:23.203+0000] {logging_mixin.py:188} INFO - [2026-05-21T09:06:23.202+0000] {dagbag.py:538} INFO - Filling up the DagBag from /opt/airflow/dags/music_processing_dag.py
[2026-05-21T09:06:23.218+0000] {processor.py:840} INFO - DAG(s) 'music_processing' retrieved from /opt/airflow/dags/music_processing_dag.py
[2026-05-21T09:06:23.247+0000] {logging_mixin.py:188} INFO - [2026-05-21T09:06:23.247+0000] {dag.py:3036} INFO - Sync 1 DAGs
[2026-05-21T09:06:23.255+0000] {logging_mixin.py:188} INFO - [2026-05-21T09:06:23.255+0000] {dag.py:3823} INFO - Setting next_dagrun for music_processing to None, run_after=None
[2026-05-21T09:06:23.270+0000] {processor.py:183} INFO - Processing /opt/airflow/dags/music_processing_dag.py took 0.073 seconds
[2026-05-21T09:06:53.440+0000] {processor.py:161} INFO - Started process (PID=113) to work on /opt/airflow/dags/music_processing_dag.py
[2026-05-21T09:06:53.441+0000] {processor.py:830} INFO - Processing file /opt/airflow/dags/music_processing_dag.py for tasks to queue
[2026-05-21T09:06:53.443+0000] {logging_mixin.py:188} INFO - [2026-05-21T09:06:53.443+0000] {dagbag.py:538} INFO - Filling up the DagBag from /opt/airflow/dags/music_processing_dag.py
[2026-05-21T09:06:53.457+0000] {processor.py:840} INFO - DAG(s) 'music_processing' retrieved from /opt/airflow/dags/music_processing_dag.py
[2026-05-21T09:06:53.481+0000] {logging_mixin.py:188} INFO - [2026-05-21T09:06:53.481+0000] {dag.py:3036} INFO - Sync 1 DAGs
[2026-05-21T09:06:53.490+0000] {logging_mixin.py:188} INFO - [2026-05-21T09:06:53.489+0000] {dag.py:3823} INFO - Setting next_dagrun for music_processing to None, run_after=None
[2026-05-21T09:06:53.505+0000] {processor.py:183} INFO - Processing /opt/airflow/dags/music_processing_dag.py took 0.068 seconds
[2026-05-21T09:07:23.631+0000] {processor.py:161} INFO - Started process (PID=114) to work on /opt/airflow/dags/music_processing_dag.py
[2026-05-21T09:07:23.632+0000] {processor.py:830} INFO - Processing file /opt/airflow/dags/music_processing_dag.py for tasks to queue
[2026-05-21T09:07:23.633+0000] {logging_mixin.py:188} INFO - [2026-05-21T09:07:23.633+0000] {dagbag.py:538} INFO - Filling up the DagBag from /opt/airflow/dags/music_processing_dag.py
[2026-05-21T09:07:23.644+0000] {processor.py:840} INFO - DAG(s) 'music_processing' retrieved from /opt/airflow/dags/music_processing_dag.py
[2026-05-21T09:07:23.671+0000] {logging_mixin.py:188} INFO - [2026-05-21T09:07:23.670+0000] {dag.py:3036} INFO - Sync 1 DAGs
[2026-05-21T09:07:23.679+0000] {logging_mixin.py:188} INFO - [2026-05-21T09:07:23.679+0000] {dag.py:3823} INFO - Setting next_dagrun for music_processing to None, run_after=None
[2026-05-21T09:07:23.693+0000] {processor.py:183} INFO - Processing /opt/airflow/dags/music_processing_dag.py took 0.064 seconds
[2026-05-21T09:07:53.834+0000] {processor.py:161} INFO - Started process (PID=115) to work on /opt/airflow/dags/music_processing_dag.py
[2026-05-21T09:07:53.835+0000] {processor.py:830} INFO - Processing file /opt/airflow/dags/music_processing_dag.py for tasks to queue
[2026-05-21T09:07:53.836+0000] {logging_mixin.py:188} INFO - [2026-05-21T09:07:53.836+0000] {dagbag.py:538} INFO - Filling up the DagBag from /opt/airflow/dags/music_processing_dag.py
[2026-05-21T09:07:53.849+0000] {processor.py:840} INFO - DAG(s) 'music_processing' retrieved from /opt/airflow/dags/music_processing_dag.py
[2026-05-21T09:07:53.873+0000] {logging_mixin.py:188} INFO - [2026-05-21T09:07:53.873+0000] {dag.py:3036} INFO - Sync 1 DAGs
[2026-05-21T09:07:53.881+0000] {logging_mixin.py:188} INFO - [2026-05-21T09:07:53.881+0000] {dag.py:3823} INFO - Setting next_dagrun for music_processing to None, run_after=None
[2026-05-21T09:07:53.895+0000] {processor.py:183} INFO - Processing /opt/airflow/dags/music_processing_dag.py took 0.065 seconds
[2026-05-21T09:08:24.100+0000] {processor.py:161} INFO - Started process (PID=116) to work on /opt/airflow/dags/music_processing_dag.py
[2026-05-21T09:08:24.102+0000] {processor.py:830} INFO - Processing file /opt/airflow/dags/music_processing_dag.py for tasks to queue
[2026-05-21T09:08:24.105+0000] {logging_mixin.py:188} INFO - [2026-05-21T09:08:24.104+0000] {dagbag.py:538} INFO - Filling up the DagBag from /opt/airflow/dags/music_processing_dag.py
[2026-05-21T09:08:24.120+0000] {processor.py:840} INFO - DAG(s) 'music_processing' retrieved from /opt/airflow/dags/music_processing_dag.py
[2026-05-21T09:08:24.151+0000] {logging_mixin.py:188} INFO - [2026-05-21T09:08:24.150+0000] {dag.py:3036} INFO - Sync 1 DAGs
[2026-05-21T09:08:24.159+0000] {logging_mixin.py:188} INFO - [2026-05-21T09:08:24.159+0000] {dag.py:3823} INFO - Setting next_dagrun for music_processing to None, run_after=None
[2026-05-21T09:08:24.193+0000] {processor.py:183} INFO - Processing /opt/airflow/dags/music_processing_dag.py took 0.096 seconds
[2026-05-21T09:08:54.258+0000] {processor.py:161} INFO - Started process (PID=117) to work on /opt/airflow/dags/music_processing_dag.py
[2026-05-21T09:08:54.259+0000] {processor.py:830} INFO - Processing file /opt/airflow/dags/music_processing_dag.py for tasks to queue
[2026-05-21T09:08:54.260+0000] {logging_mixin.py:188} INFO - [2026-05-21T09:08:54.260+0000] {dagbag.py:538} INFO - Filling up the DagBag from /opt/airflow/dags/music_processing_dag.py
[2026-05-21T09:08:54.272+0000] {processor.py:840} INFO - DAG(s) 'music_processing' retrieved from /opt/airflow/dags/music_processing_dag.py
[2026-05-21T09:08:54.296+0000] {logging_mixin.py:188} INFO - [2026-05-21T09:08:54.296+0000] {dag.py:3036} INFO - Sync 1 DAGs
[2026-05-21T09:08:54.304+0000] {logging_mixin.py:188} INFO - [2026-05-21T09:08:54.304+0000] {dag.py:3823} INFO - Setting next_dagrun for music_processing to None, run_after=None
[2026-05-21T09:08:54.318+0000] {processor.py:183} INFO - Processing /opt/airflow/dags/music_processing_dag.py took 0.062 seconds
[2026-05-21T09:09:24.473+0000] {processor.py:161} INFO - Started process (PID=118) to work on /opt/airflow/dags/music_processing_dag.py
[2026-05-21T09:09:24.474+0000] {processor.py:830} INFO - Processing file /opt/airflow/dags/music_processing_dag.py for tasks to queue
[2026-05-21T09:09:24.476+0000] {logging_mixin.py:188} INFO - [2026-05-21T09:09:24.475+0000] {dagbag.py:538} INFO - Filling up the DagBag from /opt/airflow/dags/music_processing_dag.py
[2026-05-21T09:09:24.488+0000] {processor.py:840} INFO - DAG(s) 'music_processing' retrieved from /opt/airflow/dags/music_processing_dag.py
[2026-05-21T09:09:24.517+0000] {logging_mixin.py:188} INFO - [2026-05-21T09:09:24.517+0000] {dag.py:3036} INFO - Sync 1 DAGs
[2026-05-21T09:09:24.525+0000] {logging_mixin.py:188} INFO - [2026-05-21T09:09:24.525+0000] {dag.py:3823} INFO - Setting next_dagrun for music_processing to None, run_after=None
[2026-05-21T09:09:24.539+0000] {processor.py:183} INFO - Processing /opt/airflow/dags/music_processing_dag.py took 0.069 seconds
[2026-05-21T09:09:54.630+0000] {processor.py:161} INFO - Started process (PID=119) to work on /opt/airflow/dags/music_processing_dag.py
[2026-05-21T09:09:54.631+0000] {processor.py:830} INFO - Processing file /opt/airflow/dags/music_processing_dag.py for tasks to queue
[2026-05-21T09:09:54.632+0000] {logging_mixin.py:188} INFO - [2026-05-21T09:09:54.632+0000] {dagbag.py:538} INFO - Filling up the DagBag from /opt/airflow/dags/music_processing_dag.py
[2026-05-21T09:09:54.645+0000] {processor.py:840} INFO - DAG(s) 'music_processing' retrieved from /opt/airflow/dags/music_processing_dag.py
[2026-05-21T09:09:54.669+0000] {logging_mixin.py:188} INFO - [2026-05-21T09:09:54.669+0000] {dag.py:3036} INFO - Sync 1 DAGs
[2026-05-21T09:09:54.677+0000] {logging_mixin.py:188} INFO - [2026-05-21T09:09:54.677+0000] {dag.py:3823} INFO - Setting next_dagrun for music_processing to None, run_after=None
[2026-05-21T09:09:54.691+0000] {processor.py:183} INFO - Processing /opt/airflow/dags/music_processing_dag.py took 0.064 seconds
[2026-05-21T09:10:24.942+0000] {processor.py:161} INFO - Started process (PID=120) to work on /opt/airflow/dags/music_processing_dag.py
[2026-05-21T09:10:24.943+0000] {processor.py:830} INFO - Processing file /opt/airflow/dags/music_processing_dag.py for tasks to queue
[2026-05-21T09:10:24.945+0000] {logging_mixin.py:188} INFO - [2026-05-21T09:10:24.944+0000] {dagbag.py:538} INFO - Filling up the DagBag from /opt/airflow/dags/music_processing_dag.py
[2026-05-21T09:10:24.961+0000] {processor.py:840} INFO - DAG(s) 'music_processing' retrieved from /opt/airflow/dags/music_processing_dag.py
[2026-05-21T09:10:24.993+0000] {logging_mixin.py:188} INFO - [2026-05-21T09:10:24.993+0000] {dag.py:3036} INFO - Sync 1 DAGs
[2026-05-21T09:10:25.002+0000] {logging_mixin.py:188} INFO - [2026-05-21T09:10:25.002+0000] {dag.py:3823} INFO - Setting next_dagrun for music_processing to None, run_after=None
[2026-05-21T09:10:25.016+0000] {processor.py:183} INFO - Processing /opt/airflow/dags/music_processing_dag.py took 0.077 seconds
[2026-05-21T09:10:55.297+0000] {processor.py:161} INFO - Started process (PID=121) to work on /opt/airflow/dags/music_processing_dag.py
[2026-05-21T09:10:55.298+0000] {processor.py:830} INFO - Processing file /opt/airflow/dags/music_processing_dag.py for tasks to queue
[2026-05-21T09:10:55.300+0000] {logging_mixin.py:188} INFO - [2026-05-21T09:10:55.300+0000] {dagbag.py:538} INFO - Filling up the DagBag from /opt/airflow/dags/music_processing_dag.py
[2026-05-21T09:10:55.314+0000] {processor.py:840} INFO - DAG(s) 'music_processing' retrieved from /opt/airflow/dags/music_processing_dag.py
[2026-05-21T09:10:55.336+0000] {logging_mixin.py:188} INFO - [2026-05-21T09:10:55.335+0000] {dag.py:3036} INFO - Sync 1 DAGs
[2026-05-21T09:10:55.344+0000] {logging_mixin.py:188} INFO - [2026-05-21T09:10:55.343+0000] {dag.py:3823} INFO - Setting next_dagrun for music_processing to None, run_after=None
[2026-05-21T09:10:55.356+0000] {processor.py:183} INFO - Processing /opt/airflow/dags/music_processing_dag.py took 0.063 seconds
[2026-05-21T09:11:25.551+0000] {processor.py:161} INFO - Started process (PID=122) to work on /opt/airflow/dags/music_processing_dag.py
[2026-05-21T09:11:25.551+0000] {processor.py:830} INFO - Processing file /opt/airflow/dags/music_processing_dag.py for tasks to queue
[2026-05-21T09:11:25.552+0000] {logging_mixin.py:188} INFO - [2026-05-21T09:11:25.552+0000] {dagbag.py:538} INFO - Filling up the DagBag from /opt/airflow/dags/music_processing_dag.py
[2026-05-21T09:11:25.562+0000] {processor.py:840} INFO - DAG(s) 'music_processing' retrieved from /opt/airflow/dags/music_processing_dag.py
[2026-05-21T09:11:25.585+0000] {logging_mixin.py:188} INFO - [2026-05-21T09:11:25.585+0000] {dag.py:3036} INFO - Sync 1 DAGs
[2026-05-21T09:11:25.592+0000] {logging_mixin.py:188} INFO - [2026-05-21T09:11:25.592+0000] {dag.py:3823} INFO - Setting next_dagrun for music_processing to None, run_after=None
[2026-05-21T09:11:25.603+0000] {processor.py:183} INFO - Processing /opt/airflow/dags/music_processing_dag.py took 0.055 seconds
[2026-05-21T09:11:55.778+0000] {processor.py:161} INFO - Started process (PID=123) to work on /opt/airflow/dags/music_processing_dag.py
[2026-05-21T09:11:55.778+0000] {processor.py:830} INFO - Processing file /opt/airflow/dags/music_processing_dag.py for tasks to queue
[2026-05-21T09:11:55.779+0000] {logging_mixin.py:188} INFO - [2026-05-21T09:11:55.779+0000] {dagbag.py:538} INFO - Filling up the DagBag from /opt/airflow/dags/music_processing_dag.py
[2026-05-21T09:11:55.792+0000] {processor.py:840} INFO - DAG(s) 'music_processing' retrieved from /opt/airflow/dags/music_processing_dag.py
[2026-05-21T09:11:55.816+0000] {logging_mixin.py:188} INFO - [2026-05-21T09:11:55.816+0000] {dag.py:3036} INFO - Sync 1 DAGs
[2026-05-21T09:11:55.823+0000] {logging_mixin.py:188} INFO - [2026-05-21T09:11:55.823+0000] {dag.py:3823} INFO - Setting next_dagrun for music_processing to None, run_after=None
[2026-05-21T09:11:55.835+0000] {processor.py:183} INFO - Processing /opt/airflow/dags/music_processing_dag.py took 0.059 seconds
[2026-05-21T09:12:26.027+0000] {processor.py:161} INFO - Started process (PID=124) to work on /opt/airflow/dags/music_processing_dag.py
[2026-05-21T09:12:26.027+0000] {processor.py:830} INFO - Processing file /opt/airflow/dags/music_processing_dag.py for tasks to queue
[2026-05-21T09:12:26.028+0000] {logging_mixin.py:188} INFO - [2026-05-21T09:12:26.028+0000] {dagbag.py:538} INFO - Filling up the DagBag from /opt/airflow/dags/music_processing_dag.py
[2026-05-21T09:12:26.041+0000] {processor.py:840} INFO - DAG(s) 'music_processing' retrieved from /opt/airflow/dags/music_processing_dag.py
[2026-05-21T09:12:26.068+0000] {logging_mixin.py:188} INFO - [2026-05-21T09:12:26.067+0000] {dag.py:3036} INFO - Sync 1 DAGs
[2026-05-21T09:12:26.075+0000] {logging_mixin.py:188} INFO - [2026-05-21T09:12:26.075+0000] {dag.py:3823} INFO - Setting next_dagrun for music_processing to None, run_after=None
[2026-05-21T09:12:26.090+0000] {processor.py:183} INFO - Processing /opt/airflow/dags/music_processing_dag.py took 0.065 seconds
[2026-05-21T09:12:56.398+0000] {processor.py:161} INFO - Started process (PID=125) to work on /opt/airflow/dags/music_processing_dag.py
[2026-05-21T09:12:56.398+0000] {processor.py:830} INFO - Processing file /opt/airflow/dags/music_processing_dag.py for tasks to queue
[2026-05-21T09:12:56.400+0000] {logging_mixin.py:188} INFO - [2026-05-21T09:12:56.400+0000] {dagbag.py:538} INFO - Filling up the DagBag from /opt/airflow/dags/music_processing_dag.py
[2026-05-21T09:12:56.413+0000] {processor.py:840} INFO - DAG(s) 'music_processing' retrieved from /opt/airflow/dags/music_processing_dag.py
[2026-05-21T09:12:56.437+0000] {logging_mixin.py:188} INFO - [2026-05-21T09:12:56.437+0000] {dag.py:3036} INFO - Sync 1 DAGs
[2026-05-21T09:12:56.446+0000] {logging_mixin.py:188} INFO - [2026-05-21T09:12:56.446+0000] {dag.py:3823} INFO - Setting next_dagrun for music_processing to None, run_after=None
[2026-05-21T09:12:56.457+0000] {processor.py:183} INFO - Processing /opt/airflow/dags/music_processing_dag.py took 0.061 seconds
[2026-05-21T09:13:26.669+0000] {processor.py:161} INFO - Started process (PID=126) to work on /opt/airflow/dags/music_processing_dag.py
[2026-05-21T09:13:26.670+0000] {processor.py:830} INFO - Processing file /opt/airflow/dags/music_processing_dag.py for tasks to queue
[2026-05-21T09:13:26.672+0000] {logging_mixin.py:188} INFO - [2026-05-21T09:13:26.671+0000] {dagbag.py:538} INFO - Filling up the DagBag from /opt/airflow/dags/music_processing_dag.py
[2026-05-21T09:13:26.687+0000] {processor.py:840} INFO - DAG(s) 'music_processing' retrieved from /opt/airflow/dags/music_processing_dag.py
[2026-05-21T09:13:26.714+0000] {logging_mixin.py:188} INFO - [2026-05-21T09:13:26.713+0000] {dag.py:3036} INFO - Sync 1 DAGs
[2026-05-21T09:13:26.722+0000] {logging_mixin.py:188} INFO - [2026-05-21T09:13:26.721+0000] {dag.py:3823} INFO - Setting next_dagrun for music_processing to None, run_after=None
[2026-05-21T09:13:26.734+0000] {processor.py:183} INFO - Processing /opt/airflow/dags/music_processing_dag.py took 0.068 seconds
[2026-05-21T09:13:56.893+0000] {processor.py:161} INFO - Started process (PID=127) to work on /opt/airflow/dags/music_processing_dag.py
[2026-05-21T09:13:56.893+0000] {processor.py:830} INFO - Processing file /opt/airflow/dags/music_processing_dag.py for tasks to queue
[2026-05-21T09:13:56.895+0000] {logging_mixin.py:188} INFO - [2026-05-21T09:13:56.895+0000] {dagbag.py:538} INFO - Filling up the DagBag from /opt/airflow/dags/music_processing_dag.py
[2026-05-21T09:13:56.915+0000] {processor.py:840} INFO - DAG(s) 'music_processing' retrieved from /opt/airflow/dags/music_processing_dag.py
[2026-05-21T09:13:56.941+0000] {logging_mixin.py:188} INFO - [2026-05-21T09:13:56.941+0000] {dag.py:3036} INFO - Sync 1 DAGs
[2026-05-21T09:13:56.953+0000] {logging_mixin.py:188} INFO - [2026-05-21T09:13:56.953+0000] {dag.py:3823} INFO - Setting next_dagrun for music_processing to None, run_after=None
[2026-05-21T09:13:56.966+0000] {processor.py:183} INFO - Processing /opt/airflow/dags/music_processing_dag.py took 0.075 seconds
[2026-05-21T09:14:27.104+0000] {processor.py:161} INFO - Started process (PID=128) to work on /opt/airflow/dags/music_processing_dag.py
[2026-05-21T09:14:27.105+0000] {processor.py:830} INFO - Processing file /opt/airflow/dags/music_processing_dag.py for tasks to queue
[2026-05-21T09:14:27.107+0000] {logging_mixin.py:188} INFO - [2026-05-21T09:14:27.106+0000] {dagbag.py:538} INFO - Filling up the DagBag from /opt/airflow/dags/music_processing_dag.py
[2026-05-21T09:14:27.122+0000] {processor.py:840} INFO - DAG(s) 'music_processing' retrieved from /opt/airflow/dags/music_processing_dag.py
[2026-05-21T09:14:27.149+0000] {logging_mixin.py:188} INFO - [2026-05-21T09:14:27.149+0000] {dag.py:3036} INFO - Sync 1 DAGs
[2026-05-21T09:14:27.158+0000] {logging_mixin.py:188} INFO - [2026-05-21T09:14:27.158+0000] {dag.py:3823} INFO - Setting next_dagrun for music_processing to None, run_after=None
[2026-05-21T09:14:27.173+0000] {processor.py:183} INFO - Processing /opt/airflow/dags/music_processing_dag.py took 0.073 seconds
[2026-05-21T09:14:57.297+0000] {processor.py:161} INFO - Started process (PID=129) to work on /opt/airflow/dags/music_processing_dag.py
[2026-05-21T09:14:57.298+0000] {processor.py:830} INFO - Processing file /opt/airflow/dags/music_processing_dag.py for tasks to queue
[2026-05-21T09:14:57.299+0000] {logging_mixin.py:188} INFO - [2026-05-21T09:14:57.299+0000] {dagbag.py:538} INFO - Filling up the DagBag from /opt/airflow/dags/music_processing_dag.py
[2026-05-21T09:14:57.316+0000] {processor.py:840} INFO - DAG(s) 'music_processing' retrieved from /opt/airflow/dags/music_processing_dag.py
[2026-05-21T09:14:57.345+0000] {logging_mixin.py:188} INFO - [2026-05-21T09:14:57.345+0000] {dag.py:3036} INFO - Sync 1 DAGs
[2026-05-21T09:14:57.356+0000] {logging_mixin.py:188} INFO - [2026-05-21T09:14:57.355+0000] {dag.py:3823} INFO - Setting next_dagrun for music_processing to None, run_after=None
[2026-05-21T09:14:57.369+0000] {processor.py:183} INFO - Processing /opt/airflow/dags/music_processing_dag.py took 0.074 seconds
[2026-05-21T09:15:27.620+0000] {processor.py:161} INFO - Started process (PID=130) to work on /opt/airflow/dags/music_processing_dag.py
[2026-05-21T09:15:27.620+0000] {processor.py:830} INFO - Processing file /opt/airflow/dags/music_processing_dag.py for tasks to queue
[2026-05-21T09:15:27.621+0000] {logging_mixin.py:188} INFO - [2026-05-21T09:15:27.621+0000] {dagbag.py:538} INFO - Filling up the DagBag from /opt/airflow/dags/music_processing_dag.py
[2026-05-21T09:15:27.632+0000] {processor.py:840} INFO - DAG(s) 'music_processing' retrieved from /opt/airflow/dags/music_processing_dag.py
[2026-05-21T09:15:27.653+0000] {logging_mixin.py:188} INFO - [2026-05-21T09:15:27.652+0000] {dag.py:3036} INFO - Sync 1 DAGs
[2026-05-21T09:15:27.661+0000] {logging_mixin.py:188} INFO - [2026-05-21T09:15:27.661+0000] {dag.py:3823} INFO - Setting next_dagrun for music_processing to None, run_after=None
[2026-05-21T09:15:27.673+0000] {processor.py:183} INFO - Processing /opt/airflow/dags/music_processing_dag.py took 0.058 seconds
[2026-05-21T09:15:57.832+0000] {processor.py:161} INFO - Started process (PID=131) to work on /opt/airflow/dags/music_processing_dag.py
[2026-05-21T09:15:57.832+0000] {processor.py:830} INFO - Processing file /opt/airflow/dags/music_processing_dag.py for tasks to queue
[2026-05-21T09:15:57.835+0000] {logging_mixin.py:188} INFO - [2026-05-21T09:15:57.834+0000] {dagbag.py:538} INFO - Filling up the DagBag from /opt/airflow/dags/music_processing_dag.py
[2026-05-21T09:15:57.850+0000] {processor.py:840} INFO - DAG(s) 'music_processing' retrieved from /opt/airflow/dags/music_processing_dag.py
[2026-05-21T09:15:57.879+0000] {logging_mixin.py:188} INFO - [2026-05-21T09:15:57.878+0000] {dag.py:3036} INFO - Sync 1 DAGs
[2026-05-21T09:15:57.890+0000] {logging_mixin.py:188} INFO - [2026-05-21T09:15:57.889+0000] {dag.py:3823} INFO - Setting next_dagrun for music_processing to None, run_after=None
[2026-05-21T09:15:57.903+0000] {processor.py:183} INFO - Processing /opt/airflow/dags/music_processing_dag.py took 0.074 seconds
[2026-05-21T09:16:28.063+0000] {processor.py:161} INFO - Started process (PID=132) to work on /opt/airflow/dags/music_processing_dag.py
[2026-05-21T09:16:28.063+0000] {processor.py:830} INFO - Processing file /opt/airflow/dags/music_processing_dag.py for tasks to queue
[2026-05-21T09:16:28.065+0000] {logging_mixin.py:188} INFO - [2026-05-21T09:16:28.065+0000] {dagbag.py:538} INFO - Filling up the DagBag from /opt/airflow/dags/music_processing_dag.py
[2026-05-21T09:16:28.079+0000] {processor.py:840} INFO - DAG(s) 'music_processing' retrieved from /opt/airflow/dags/music_processing_dag.py
[2026-05-21T09:16:28.106+0000] {logging_mixin.py:188} INFO - [2026-05-21T09:16:28.106+0000] {dag.py:3036} INFO - Sync 1 DAGs
[2026-05-21T09:16:28.117+0000] {logging_mixin.py:188} INFO - [2026-05-21T09:16:28.116+0000] {dag.py:3823} INFO - Setting next_dagrun for music_processing to None, run_after=None
[2026-05-21T09:16:28.131+0000] {processor.py:183} INFO - Processing /opt/airflow/dags/music_processing_dag.py took 0.070 seconds
[2026-05-21T09:16:58.286+0000] {processor.py:161} INFO - Started process (PID=133) to work on /opt/airflow/dags/music_processing_dag.py
[2026-05-21T09:16:58.287+0000] {processor.py:830} INFO - Processing file /opt/airflow/dags/music_processing_dag.py for tasks to queue
[2026-05-21T09:16:58.288+0000] {logging_mixin.py:188} INFO - [2026-05-21T09:16:58.288+0000] {dagbag.py:538} INFO - Filling up the DagBag from /opt/airflow/dags/music_processing_dag.py
[2026-05-21T09:16:58.303+0000] {processor.py:840} INFO - DAG(s) 'music_processing' retrieved from /opt/airflow/dags/music_processing_dag.py
[2026-05-21T09:16:58.327+0000] {logging_mixin.py:188} INFO - [2026-05-21T09:16:58.327+0000] {dag.py:3036} INFO - Sync 1 DAGs
[2026-05-21T09:16:58.335+0000] {logging_mixin.py:188} INFO - [2026-05-21T09:16:58.335+0000] {dag.py:3823} INFO - Setting next_dagrun for music_processing to None, run_after=None
[2026-05-21T09:16:58.596+0000] {processor.py:183} INFO - Processing /opt/airflow/dags/music_processing_dag.py took 0.312 seconds
[2026-05-21T09:17:28.876+0000] {processor.py:161} INFO - Started process (PID=134) to work on /opt/airflow/dags/music_processing_dag.py
[2026-05-21T09:17:28.877+0000] {processor.py:830} INFO - Processing file /opt/airflow/dags/music_processing_dag.py for tasks to queue
[2026-05-21T09:17:28.879+0000] {logging_mixin.py:188} INFO - [2026-05-21T09:17:28.878+0000] {dagbag.py:538} INFO - Filling up the DagBag from /opt/airflow/dags/music_processing_dag.py
[2026-05-21T09:17:28.891+0000] {processor.py:840} INFO - DAG(s) 'music_processing' retrieved from /opt/airflow/dags/music_processing_dag.py
[2026-05-21T09:17:28.917+0000] {logging_mixin.py:188} INFO - [2026-05-21T09:17:28.917+0000] {dag.py:3036} INFO - Sync 1 DAGs
[2026-05-21T09:17:28.925+0000] {logging_mixin.py:188} INFO - [2026-05-21T09:17:28.924+0000] {dag.py:3823} INFO - Setting next_dagrun for music_processing to None, run_after=None
[2026-05-21T09:17:28.938+0000] {processor.py:183} INFO - Processing /opt/airflow/dags/music_processing_dag.py took 0.064 seconds
[2026-05-21T09:17:59.089+0000] {processor.py:161} INFO - Started process (PID=135) to work on /opt/airflow/dags/music_processing_dag.py
[2026-05-21T09:17:59.091+0000] {processor.py:830} INFO - Processing file /opt/airflow/dags/music_processing_dag.py for tasks to queue
[2026-05-21T09:17:59.093+0000] {logging_mixin.py:188} INFO - [2026-05-21T09:17:59.092+0000] {dagbag.py:538} INFO - Filling up the DagBag from /opt/airflow/dags/music_processing_dag.py
[2026-05-21T09:17:59.112+0000] {processor.py:840} INFO - DAG(s) 'music_processing' retrieved from /opt/airflow/dags/music_processing_dag.py
[2026-05-21T09:17:59.138+0000] {logging_mixin.py:188} INFO - [2026-05-21T09:17:59.138+0000] {dag.py:3036} INFO - Sync 1 DAGs
[2026-05-21T09:17:59.148+0000] {logging_mixin.py:188} INFO - [2026-05-21T09:17:59.148+0000] {dag.py:3823} INFO - Setting next_dagrun for music_processing to None, run_after=None
[2026-05-21T09:17:59.162+0000] {processor.py:183} INFO - Processing /opt/airflow/dags/music_processing_dag.py took 0.077 seconds
[2026-05-21T09:18:29.393+0000] {processor.py:161} INFO - Started process (PID=136) to work on /opt/airflow/dags/music_processing_dag.py
[2026-05-21T09:18:29.394+0000] {processor.py:830} INFO - Processing file /opt/airflow/dags/music_processing_dag.py for tasks to queue
[2026-05-21T09:18:29.395+0000] {logging_mixin.py:188} INFO - [2026-05-21T09:18:29.394+0000] {dagbag.py:538} INFO - Filling up the DagBag from /opt/airflow/dags/music_processing_dag.py
[2026-05-21T09:18:29.407+0000] {processor.py:840} INFO - DAG(s) 'music_processing' retrieved from /opt/airflow/dags/music_processing_dag.py
[2026-05-21T09:18:29.431+0000] {logging_mixin.py:188} INFO - [2026-05-21T09:18:29.431+0000] {dag.py:3036} INFO - Sync 1 DAGs
[2026-05-21T09:18:29.537+0000] {logging_mixin.py:188} INFO - [2026-05-21T09:18:29.537+0000] {dag.py:3823} INFO - Setting next_dagrun for music_processing to None, run_after=None
[2026-05-21T09:18:29.548+0000] {processor.py:183} INFO - Processing /opt/airflow/dags/music_processing_dag.py took 0.158 seconds
[2026-05-21T09:18:59.677+0000] {processor.py:161} INFO - Started process (PID=137) to work on /opt/airflow/dags/music_processing_dag.py
[2026-05-21T09:18:59.678+0000] {processor.py:830} INFO - Processing file /opt/airflow/dags/music_processing_dag.py for tasks to queue
[2026-05-21T09:18:59.680+0000] {logging_mixin.py:188} INFO - [2026-05-21T09:18:59.679+0000] {dagbag.py:538} INFO - Filling up the DagBag from /opt/airflow/dags/music_processing_dag.py
[2026-05-21T09:18:59.695+0000] {processor.py:840} INFO - DAG(s) 'music_processing' retrieved from /opt/airflow/dags/music_processing_dag.py
[2026-05-21T09:18:59.720+0000] {logging_mixin.py:188} INFO - [2026-05-21T09:18:59.720+0000] {dag.py:3036} INFO - Sync 1 DAGs
[2026-05-21T09:18:59.730+0000] {logging_mixin.py:188} INFO - [2026-05-21T09:18:59.730+0000] {dag.py:3823} INFO - Setting next_dagrun for music_processing to None, run_after=None
[2026-05-21T09:18:59.742+0000] {processor.py:183} INFO - Processing /opt/airflow/dags/music_processing_dag.py took 0.069 seconds
[2026-05-21T09:19:29.951+0000] {processor.py:161} INFO - Started process (PID=138) to work on /opt/airflow/dags/music_processing_dag.py
[2026-05-21T09:19:29.952+0000] {processor.py:830} INFO - Processing file /opt/airflow/dags/music_processing_dag.py for tasks to queue
[2026-05-21T09:19:29.953+0000] {logging_mixin.py:188} INFO - [2026-05-21T09:19:29.953+0000] {dagbag.py:538} INFO - Filling up the DagBag from /opt/airflow/dags/music_processing_dag.py
[2026-05-21T09:19:29.964+0000] {processor.py:840} INFO - DAG(s) 'music_processing' retrieved from /opt/airflow/dags/music_processing_dag.py
[2026-05-21T09:19:29.987+0000] {logging_mixin.py:188} INFO - [2026-05-21T09:19:29.987+0000] {dag.py:3036} INFO - Sync 1 DAGs
[2026-05-21T09:19:29.996+0000] {logging_mixin.py:188} INFO - [2026-05-21T09:19:29.996+0000] {dag.py:3823} INFO - Setting next_dagrun for music_processing to None, run_after=None
[2026-05-21T09:19:30.103+0000] {processor.py:183} INFO - Processing /opt/airflow/dags/music_processing_dag.py took 0.154 seconds
[2026-05-21T09:20:00.170+0000] {processor.py:161} INFO - Started process (PID=139) to work on /opt/airflow/dags/music_processing_dag.py
[2026-05-21T09:20:00.171+0000] {processor.py:830} INFO - Processing file /opt/airflow/dags/music_processing_dag.py for tasks to queue
[2026-05-21T09:20:00.172+0000] {logging_mixin.py:188} INFO - [2026-05-21T09:20:00.172+0000] {dagbag.py:538} INFO - Filling up the DagBag from /opt/airflow/dags/music_processing_dag.py
[2026-05-21T09:20:00.186+0000] {processor.py:840} INFO - DAG(s) 'music_processing' retrieved from /opt/airflow/dags/music_processing_dag.py
[2026-05-21T09:20:00.210+0000] {logging_mixin.py:188} INFO - [2026-05-21T09:20:00.210+0000] {dag.py:3036} INFO - Sync 1 DAGs
[2026-05-21T09:20:00.218+0000] {logging_mixin.py:188} INFO - [2026-05-21T09:20:00.218+0000] {dag.py:3823} INFO - Setting next_dagrun for music_processing to None, run_after=None
[2026-05-21T09:20:00.232+0000] {processor.py:183} INFO - Processing /opt/airflow/dags/music_processing_dag.py took 0.064 seconds
[2026-05-21T09:20:30.487+0000] {processor.py:161} INFO - Started process (PID=140) to work on /opt/airflow/dags/music_processing_dag.py
[2026-05-21T09:20:30.488+0000] {processor.py:830} INFO - Processing file /opt/airflow/dags/music_processing_dag.py for tasks to queue
[2026-05-21T09:20:30.490+0000] {logging_mixin.py:188} INFO - [2026-05-21T09:20:30.490+0000] {dagbag.py:538} INFO - Filling up the DagBag from /opt/airflow/dags/music_processing_dag.py
[2026-05-21T09:20:30.502+0000] {processor.py:840} INFO - DAG(s) 'music_processing' retrieved from /opt/airflow/dags/music_processing_dag.py
[2026-05-21T09:20:30.525+0000] {logging_mixin.py:188} INFO - [2026-05-21T09:20:30.525+0000] {dag.py:3036} INFO - Sync 1 DAGs
[2026-05-21T09:20:30.532+0000] {logging_mixin.py:188} INFO - [2026-05-21T09:20:30.532+0000] {dag.py:3823} INFO - Setting next_dagrun for music_processing to None, run_after=None
[2026-05-21T09:20:30.544+0000] {processor.py:183} INFO - Processing /opt/airflow/dags/music_processing_dag.py took 0.060 seconds
[2026-05-21T09:21:00.837+0000] {processor.py:161} INFO - Started process (PID=141) to work on /opt/airflow/dags/music_processing_dag.py
[2026-05-21T09:21:00.838+0000] {processor.py:830} INFO - Processing file /opt/airflow/dags/music_processing_dag.py for tasks to queue
[2026-05-21T09:21:00.841+0000] {logging_mixin.py:188} INFO - [2026-05-21T09:21:00.841+0000] {dagbag.py:538} INFO - Filling up the DagBag from /opt/airflow/dags/music_processing_dag.py
[2026-05-21T09:21:00.855+0000] {processor.py:840} INFO - DAG(s) 'music_processing' retrieved from /opt/airflow/dags/music_processing_dag.py
[2026-05-21T09:21:00.982+0000] {logging_mixin.py:188} INFO - [2026-05-21T09:21:00.982+0000] {dag.py:3036} INFO - Sync 1 DAGs
[2026-05-21T09:21:00.992+0000] {logging_mixin.py:188} INFO - [2026-05-21T09:21:00.992+0000] {dag.py:3823} INFO - Setting next_dagrun for music_processing to None, run_after=None
[2026-05-21T09:21:01.007+0000] {processor.py:183} INFO - Processing /opt/airflow/dags/music_processing_dag.py took 0.174 seconds
[2026-05-21T09:21:31.151+0000] {processor.py:161} INFO - Started process (PID=142) to work on /opt/airflow/dags/music_processing_dag.py
[2026-05-21T09:21:31.152+0000] {processor.py:830} INFO - Processing file /opt/airflow/dags/music_processing_dag.py for tasks to queue
[2026-05-21T09:21:31.154+0000] {logging_mixin.py:188} INFO - [2026-05-21T09:21:31.153+0000] {dagbag.py:538} INFO - Filling up the DagBag from /opt/airflow/dags/music_processing_dag.py
[2026-05-21T09:21:31.166+0000] {processor.py:840} INFO - DAG(s) 'music_processing' retrieved from /opt/airflow/dags/music_processing_dag.py
[2026-05-21T09:21:31.192+0000] {logging_mixin.py:188} INFO - [2026-05-21T09:21:31.192+0000] {dag.py:3036} INFO - Sync 1 DAGs
[2026-05-21T09:21:31.199+0000] {logging_mixin.py:188} INFO - [2026-05-21T09:21:31.199+0000] {dag.py:3823} INFO - Setting next_dagrun for music_processing to None, run_after=None
[2026-05-21T09:21:31.211+0000] {processor.py:183} INFO - Processing /opt/airflow/dags/music_processing_dag.py took 0.064 seconds
[2026-05-21T09:22:01.431+0000] {processor.py:161} INFO - Started process (PID=143) to work on /opt/airflow/dags/music_processing_dag.py
[2026-05-21T09:22:01.432+0000] {processor.py:830} INFO - Processing file /opt/airflow/dags/music_processing_dag.py for tasks to queue
[2026-05-21T09:22:01.433+0000] {logging_mixin.py:188} INFO - [2026-05-21T09:22:01.433+0000] {dagbag.py:538} INFO - Filling up the DagBag from /opt/airflow/dags/music_processing_dag.py
[2026-05-21T09:22:01.445+0000] {processor.py:840} INFO - DAG(s) 'music_processing' retrieved from /opt/airflow/dags/music_processing_dag.py
[2026-05-21T09:22:01.469+0000] {logging_mixin.py:188} INFO - [2026-05-21T09:22:01.469+0000] {dag.py:3036} INFO - Sync 1 DAGs
[2026-05-21T09:22:01.573+0000] {logging_mixin.py:188} INFO - [2026-05-21T09:22:01.573+0000] {dag.py:3823} INFO - Setting next_dagrun for music_processing to None, run_after=None
[2026-05-21T09:22:01.589+0000] {processor.py:183} INFO - Processing /opt/airflow/dags/music_processing_dag.py took 0.160 seconds
[2026-05-21T09:22:31.800+0000] {processor.py:161} INFO - Started process (PID=144) to work on /opt/airflow/dags/music_processing_dag.py
[2026-05-21T09:22:31.804+0000] {processor.py:830} INFO - Processing file /opt/airflow/dags/music_processing_dag.py for tasks to queue
[2026-05-21T09:22:31.807+0000] {logging_mixin.py:188} INFO - [2026-05-21T09:22:31.806+0000] {dagbag.py:538} INFO - Filling up the DagBag from /opt/airflow/dags/music_processing_dag.py
[2026-05-21T09:22:31.921+0000] {processor.py:840} INFO - DAG(s) 'music_processing' retrieved from /opt/airflow/dags/music_processing_dag.py
[2026-05-21T09:22:31.944+0000] {logging_mixin.py:188} INFO - [2026-05-21T09:22:31.944+0000] {dag.py:3036} INFO - Sync 1 DAGs
[2026-05-21T09:22:31.951+0000] {logging_mixin.py:188} INFO - [2026-05-21T09:22:31.950+0000] {dag.py:3823} INFO - Setting next_dagrun for music_processing to None, run_after=None
[2026-05-21T09:22:31.962+0000] {processor.py:183} INFO - Processing /opt/airflow/dags/music_processing_dag.py took 0.165 seconds
[2026-05-21T09:23:02.214+0000] {processor.py:161} INFO - Started process (PID=145) to work on /opt/airflow/dags/music_processing_dag.py
[2026-05-21T09:23:02.215+0000] {processor.py:830} INFO - Processing file /opt/airflow/dags/music_processing_dag.py for tasks to queue
[2026-05-21T09:23:02.217+0000] {logging_mixin.py:188} INFO - [2026-05-21T09:23:02.217+0000] {dagbag.py:538} INFO - Filling up the DagBag from /opt/airflow/dags/music_processing_dag.py
[2026-05-21T09:23:02.233+0000] {processor.py:840} INFO - DAG(s) 'music_processing' retrieved from /opt/airflow/dags/music_processing_dag.py
[2026-05-21T09:23:02.259+0000] {logging_mixin.py:188} INFO - [2026-05-21T09:23:02.258+0000] {dag.py:3036} INFO - Sync 1 DAGs
[2026-05-21T09:23:02.266+0000] {logging_mixin.py:188} INFO - [2026-05-21T09:23:02.265+0000] {dag.py:3823} INFO - Setting next_dagrun for music_processing to None, run_after=None
[2026-05-21T09:23:02.278+0000] {processor.py:183} INFO - Processing /opt/airflow/dags/music_processing_dag.py took 0.067 seconds
[2026-05-21T09:23:32.453+0000] {processor.py:161} INFO - Started process (PID=146) to work on /opt/airflow/dags/music_processing_dag.py
[2026-05-21T09:23:32.454+0000] {processor.py:830} INFO - Processing file /opt/airflow/dags/music_processing_dag.py for tasks to queue
[2026-05-21T09:23:32.455+0000] {logging_mixin.py:188} INFO - [2026-05-21T09:23:32.455+0000] {dagbag.py:538} INFO - Filling up the DagBag from /opt/airflow/dags/music_processing_dag.py
[2026-05-21T09:23:32.468+0000] {processor.py:840} INFO - DAG(s) 'music_processing' retrieved from /opt/airflow/dags/music_processing_dag.py
[2026-05-21T09:23:32.492+0000] {logging_mixin.py:188} INFO - [2026-05-21T09:23:32.491+0000] {dag.py:3036} INFO - Sync 1 DAGs
[2026-05-21T09:23:32.499+0000] {logging_mixin.py:188} INFO - [2026-05-21T09:23:32.498+0000] {dag.py:3823} INFO - Setting next_dagrun for music_processing to None, run_after=None
[2026-05-21T09:23:32.511+0000] {processor.py:183} INFO - Processing /opt/airflow/dags/music_processing_dag.py took 0.059 seconds
[2026-05-21T09:24:02.706+0000] {processor.py:161} INFO - Started process (PID=147) to work on /opt/airflow/dags/music_processing_dag.py
[2026-05-21T09:24:02.707+0000] {processor.py:830} INFO - Processing file /opt/airflow/dags/music_processing_dag.py for tasks to queue
[2026-05-21T09:24:02.709+0000] {logging_mixin.py:188} INFO - [2026-05-21T09:24:02.709+0000] {dagbag.py:538} INFO - Filling up the DagBag from /opt/airflow/dags/music_processing_dag.py
[2026-05-21T09:24:02.727+0000] {processor.py:840} INFO - DAG(s) 'music_processing' retrieved from /opt/airflow/dags/music_processing_dag.py
[2026-05-21T09:24:02.755+0000] {logging_mixin.py:188} INFO - [2026-05-21T09:24:02.755+0000] {dag.py:3036} INFO - Sync 1 DAGs
[2026-05-21T09:24:02.764+0000] {logging_mixin.py:188} INFO - [2026-05-21T09:24:02.763+0000] {dag.py:3823} INFO - Setting next_dagrun for music_processing to None, run_after=None
[2026-05-21T09:24:02.777+0000] {processor.py:183} INFO - Processing /opt/airflow/dags/music_processing_dag.py took 0.074 seconds
[2026-05-21T09:24:33.067+0000] {processor.py:161} INFO - Started process (PID=148) to work on /opt/airflow/dags/music_processing_dag.py
[2026-05-21T09:24:33.068+0000] {processor.py:830} INFO - Processing file /opt/airflow/dags/music_processing_dag.py for tasks to queue
[2026-05-21T09:24:33.070+0000] {logging_mixin.py:188} INFO - [2026-05-21T09:24:33.070+0000] {dagbag.py:538} INFO - Filling up the DagBag from /opt/airflow/dags/music_processing_dag.py
[2026-05-21T09:24:33.084+0000] {processor.py:840} INFO - DAG(s) 'music_processing' retrieved from /opt/airflow/dags/music_processing_dag.py
[2026-05-21T09:24:33.108+0000] {logging_mixin.py:188} INFO - [2026-05-21T09:24:33.108+0000] {dag.py:3036} INFO - Sync 1 DAGs
[2026-05-21T09:24:33.115+0000] {logging_mixin.py:188} INFO - [2026-05-21T09:24:33.115+0000] {dag.py:3823} INFO - Setting next_dagrun for music_processing to None, run_after=None
[2026-05-21T09:24:33.128+0000] {processor.py:183} INFO - Processing /opt/airflow/dags/music_processing_dag.py took 0.064 seconds
[2026-05-21T09:25:03.338+0000] {processor.py:161} INFO - Started process (PID=149) to work on /opt/airflow/dags/music_processing_dag.py
[2026-05-21T09:25:03.339+0000] {processor.py:830} INFO - Processing file /opt/airflow/dags/music_processing_dag.py for tasks to queue
[2026-05-21T09:25:03.340+0000] {logging_mixin.py:188} INFO - [2026-05-21T09:25:03.340+0000] {dagbag.py:538} INFO - Filling up the DagBag from /opt/airflow/dags/music_processing_dag.py
[2026-05-21T09:25:03.355+0000] {processor.py:840} INFO - DAG(s) 'music_processing' retrieved from /opt/airflow/dags/music_processing_dag.py
[2026-05-21T09:25:03.380+0000] {logging_mixin.py:188} INFO - [2026-05-21T09:25:03.380+0000] {dag.py:3036} INFO - Sync 1 DAGs
[2026-05-21T09:25:03.389+0000] {logging_mixin.py:188} INFO - [2026-05-21T09:25:03.389+0000] {dag.py:3823} INFO - Setting next_dagrun for music_processing to None, run_after=None
[2026-05-21T09:25:03.402+0000] {processor.py:183} INFO - Processing /opt/airflow/dags/music_processing_dag.py took 0.066 seconds
[2026-05-21T09:25:33.788+0000] {processor.py:161} INFO - Started process (PID=150) to work on /opt/airflow/dags/music_processing_dag.py
[2026-05-21T09:25:33.789+0000] {processor.py:830} INFO - Processing file /opt/airflow/dags/music_processing_dag.py for tasks to queue
[2026-05-21T09:25:33.791+0000] {logging_mixin.py:188} INFO - [2026-05-21T09:25:33.790+0000] {dagbag.py:538} INFO - Filling up the DagBag from /opt/airflow/dags/music_processing_dag.py
[2026-05-21T09:25:33.805+0000] {processor.py:840} INFO - DAG(s) 'music_processing' retrieved from /opt/airflow/dags/music_processing_dag.py
[2026-05-21T09:25:33.828+0000] {logging_mixin.py:188} INFO - [2026-05-21T09:25:33.828+0000] {dag.py:3036} INFO - Sync 1 DAGs
[2026-05-21T09:25:33.836+0000] {logging_mixin.py:188} INFO - [2026-05-21T09:25:33.836+0000] {dag.py:3823} INFO - Setting next_dagrun for music_processing to None, run_after=None
[2026-05-21T09:25:33.849+0000] {processor.py:183} INFO - Processing /opt/airflow/dags/music_processing_dag.py took 0.064 seconds
[2026-05-21T09:26:04.070+0000] {processor.py:161} INFO - Started process (PID=151) to work on /opt/airflow/dags/music_processing_dag.py
[2026-05-21T09:26:04.071+0000] {processor.py:830} INFO - Processing file /opt/airflow/dags/music_processing_dag.py for tasks to queue
[2026-05-21T09:26:04.072+0000] {logging_mixin.py:188} INFO - [2026-05-21T09:26:04.072+0000] {dagbag.py:538} INFO - Filling up the DagBag from /opt/airflow/dags/music_processing_dag.py
[2026-05-21T09:26:04.085+0000] {processor.py:840} INFO - DAG(s) 'music_processing' retrieved from /opt/airflow/dags/music_processing_dag.py
[2026-05-21T09:26:04.111+0000] {logging_mixin.py:188} INFO - [2026-05-21T09:26:04.111+0000] {dag.py:3036} INFO - Sync 1 DAGs
[2026-05-21T09:26:04.119+0000] {logging_mixin.py:188} INFO - [2026-05-21T09:26:04.119+0000] {dag.py:3823} INFO - Setting next_dagrun for music_processing to None, run_after=None
[2026-05-21T09:26:04.133+0000] {processor.py:183} INFO - Processing /opt/airflow/dags/music_processing_dag.py took 0.066 seconds
[2026-05-21T09:26:34.440+0000] {processor.py:161} INFO - Started process (PID=152) to work on /opt/airflow/dags/music_processing_dag.py
[2026-05-21T09:26:34.441+0000] {processor.py:830} INFO - Processing file /opt/airflow/dags/music_processing_dag.py for tasks to queue
[2026-05-21T09:26:34.443+0000] {logging_mixin.py:188} INFO - [2026-05-21T09:26:34.443+0000] {dagbag.py:538} INFO - Filling up the DagBag from /opt/airflow/dags/music_processing_dag.py
[2026-05-21T09:26:34.460+0000] {processor.py:840} INFO - DAG(s) 'music_processing' retrieved from /opt/airflow/dags/music_processing_dag.py
[2026-05-21T09:26:34.484+0000] {logging_mixin.py:188} INFO - [2026-05-21T09:26:34.484+0000] {dag.py:3036} INFO - Sync 1 DAGs
[2026-05-21T09:26:34.491+0000] {logging_mixin.py:188} INFO - [2026-05-21T09:26:34.491+0000] {dag.py:3823} INFO - Setting next_dagrun for music_processing to None, run_after=None
[2026-05-21T09:26:34.504+0000] {processor.py:183} INFO - Processing /opt/airflow/dags/music_processing_dag.py took 0.067 seconds
[2026-05-21T09:27:04.704+0000] {processor.py:161} INFO - Started process (PID=153) to work on /opt/airflow/dags/music_processing_dag.py
[2026-05-21T09:27:04.705+0000] {processor.py:830} INFO - Processing file /opt/airflow/dags/music_processing_dag.py for tasks to queue
[2026-05-21T09:27:04.706+0000] {logging_mixin.py:188} INFO - [2026-05-21T09:27:04.706+0000] {dagbag.py:538} INFO - Filling up the DagBag from /opt/airflow/dags/music_processing_dag.py
[2026-05-21T09:27:04.716+0000] {processor.py:840} INFO - DAG(s) 'music_processing' retrieved from /opt/airflow/dags/music_processing_dag.py
[2026-05-21T09:27:04.738+0000] {logging_mixin.py:188} INFO - [2026-05-21T09:27:04.738+0000] {dag.py:3036} INFO - Sync 1 DAGs
[2026-05-21T09:27:04.745+0000] {logging_mixin.py:188} INFO - [2026-05-21T09:27:04.745+0000] {dag.py:3823} INFO - Setting next_dagrun for music_processing to None, run_after=None
[2026-05-21T09:27:04.757+0000] {processor.py:183} INFO - Processing /opt/airflow/dags/music_processing_dag.py took 0.055 seconds
[2026-05-21T09:27:34.869+0000] {processor.py:161} INFO - Started process (PID=154) to work on /opt/airflow/dags/music_processing_dag.py
[2026-05-21T09:27:34.869+0000] {processor.py:830} INFO - Processing file /opt/airflow/dags/music_processing_dag.py for tasks to queue
[2026-05-21T09:27:34.871+0000] {logging_mixin.py:188} INFO - [2026-05-21T09:27:34.871+0000] {dagbag.py:538} INFO - Filling up the DagBag from /opt/airflow/dags/music_processing_dag.py
[2026-05-21T09:27:34.883+0000] {processor.py:840} INFO - DAG(s) 'music_processing' retrieved from /opt/airflow/dags/music_processing_dag.py
[2026-05-21T09:27:34.908+0000] {logging_mixin.py:188} INFO - [2026-05-21T09:27:34.908+0000] {dag.py:3036} INFO - Sync 1 DAGs
[2026-05-21T09:27:34.915+0000] {logging_mixin.py:188} INFO - [2026-05-21T09:27:34.915+0000] {dag.py:3823} INFO - Setting next_dagrun for music_processing to None, run_after=None
[2026-05-21T09:27:34.927+0000] {processor.py:183} INFO - Processing /opt/airflow/dags/music_processing_dag.py took 0.061 seconds
[2026-05-21T09:28:05.123+0000] {processor.py:161} INFO - Started process (PID=155) to work on /opt/airflow/dags/music_processing_dag.py
[2026-05-21T09:28:05.124+0000] {processor.py:830} INFO - Processing file /opt/airflow/dags/music_processing_dag.py for tasks to queue
[2026-05-21T09:28:05.125+0000] {logging_mixin.py:188} INFO - [2026-05-21T09:28:05.125+0000] {dagbag.py:538} INFO - Filling up the DagBag from /opt/airflow/dags/music_processing_dag.py
[2026-05-21T09:28:05.137+0000] {processor.py:840} INFO - DAG(s) 'music_processing' retrieved from /opt/airflow/dags/music_processing_dag.py
[2026-05-21T09:28:05.163+0000] {logging_mixin.py:188} INFO - [2026-05-21T09:28:05.162+0000] {dag.py:3036} INFO - Sync 1 DAGs
[2026-05-21T09:28:05.172+0000] {logging_mixin.py:188} INFO - [2026-05-21T09:28:05.172+0000] {dag.py:3823} INFO - Setting next_dagrun for music_processing to None, run_after=None
[2026-05-21T09:28:05.184+0000] {processor.py:183} INFO - Processing /opt/airflow/dags/music_processing_dag.py took 0.063 seconds
[2026-05-21T09:28:35.448+0000] {processor.py:161} INFO - Started process (PID=156) to work on /opt/airflow/dags/music_processing_dag.py
[2026-05-21T09:28:35.448+0000] {processor.py:830} INFO - Processing file /opt/airflow/dags/music_processing_dag.py for tasks to queue
[2026-05-21T09:28:35.449+0000] {logging_mixin.py:188} INFO - [2026-05-21T09:28:35.449+0000] {dagbag.py:538} INFO - Filling up the DagBag from /opt/airflow/dags/music_processing_dag.py
[2026-05-21T09:28:35.460+0000] {processor.py:840} INFO - DAG(s) 'music_processing' retrieved from /opt/airflow/dags/music_processing_dag.py
[2026-05-21T09:28:35.484+0000] {logging_mixin.py:188} INFO - [2026-05-21T09:28:35.484+0000] {dag.py:3036} INFO - Sync 1 DAGs
[2026-05-21T09:28:35.492+0000] {logging_mixin.py:188} INFO - [2026-05-21T09:28:35.491+0000] {dag.py:3823} INFO - Setting next_dagrun for music_processing to None, run_after=None
[2026-05-21T09:28:35.503+0000] {processor.py:183} INFO - Processing /opt/airflow/dags/music_processing_dag.py took 0.058 seconds
[2026-05-21T09:29:05.707+0000] {processor.py:161} INFO - Started process (PID=157) to work on /opt/airflow/dags/music_processing_dag.py
[2026-05-21T09:29:05.707+0000] {processor.py:830} INFO - Processing file /opt/airflow/dags/music_processing_dag.py for tasks to queue
[2026-05-21T09:29:05.709+0000] {logging_mixin.py:188} INFO - [2026-05-21T09:29:05.708+0000] {dagbag.py:538} INFO - Filling up the DagBag from /opt/airflow/dags/music_processing_dag.py
[2026-05-21T09:29:05.719+0000] {processor.py:840} INFO - DAG(s) 'music_processing' retrieved from /opt/airflow/dags/music_processing_dag.py
[2026-05-21T09:29:05.742+0000] {logging_mixin.py:188} INFO - [2026-05-21T09:29:05.742+0000] {dag.py:3036} INFO - Sync 1 DAGs
[2026-05-21T09:29:05.751+0000] {logging_mixin.py:188} INFO - [2026-05-21T09:29:05.751+0000] {dag.py:3823} INFO - Setting next_dagrun for music_processing to None, run_after=None
[2026-05-21T09:29:05.763+0000] {processor.py:183} INFO - Processing /opt/airflow/dags/music_processing_dag.py took 0.058 seconds
[2026-05-21T09:29:36.007+0000] {processor.py:161} INFO - Started process (PID=158) to work on /opt/airflow/dags/music_processing_dag.py
[2026-05-21T09:29:36.008+0000] {processor.py:830} INFO - Processing file /opt/airflow/dags/music_processing_dag.py for tasks to queue
[2026-05-21T09:29:36.009+0000] {logging_mixin.py:188} INFO - [2026-05-21T09:29:36.009+0000] {dagbag.py:538} INFO - Filling up the DagBag from /opt/airflow/dags/music_processing_dag.py
[2026-05-21T09:29:36.023+0000] {processor.py:840} INFO - DAG(s) 'music_processing' retrieved from /opt/airflow/dags/music_processing_dag.py
[2026-05-21T09:29:36.050+0000] {logging_mixin.py:188} INFO - [2026-05-21T09:29:36.050+0000] {dag.py:3036} INFO - Sync 1 DAGs
[2026-05-21T09:29:36.058+0000] {logging_mixin.py:188} INFO - [2026-05-21T09:29:36.058+0000] {dag.py:3823} INFO - Setting next_dagrun for music_processing to None, run_after=None
[2026-05-21T09:29:36.071+0000] {processor.py:183} INFO - Processing /opt/airflow/dags/music_processing_dag.py took 0.065 seconds
[2026-05-21T09:30:06.327+0000] {processor.py:161} INFO - Started process (PID=159) to work on /opt/airflow/dags/music_processing_dag.py
[2026-05-21T09:30:06.328+0000] {processor.py:830} INFO - Processing file /opt/airflow/dags/music_processing_dag.py for tasks to queue
[2026-05-21T09:30:06.329+0000] {logging_mixin.py:188} INFO - [2026-05-21T09:30:06.329+0000] {dagbag.py:538} INFO - Filling up the DagBag from /opt/airflow/dags/music_processing_dag.py
[2026-05-21T09:30:06.341+0000] {processor.py:840} INFO - DAG(s) 'music_processing' retrieved from /opt/airflow/dags/music_processing_dag.py
[2026-05-21T09:30:06.366+0000] {logging_mixin.py:188} INFO - [2026-05-21T09:30:06.365+0000] {dag.py:3036} INFO - Sync 1 DAGs
[2026-05-21T09:30:06.374+0000] {logging_mixin.py:188} INFO - [2026-05-21T09:30:06.374+0000] {dag.py:3823} INFO - Setting next_dagrun for music_processing to None, run_after=None
[2026-05-21T09:30:06.389+0000] {processor.py:183} INFO - Processing /opt/airflow/dags/music_processing_dag.py took 0.065 seconds
[2026-05-21T09:30:36.685+0000] {processor.py:161} INFO - Started process (PID=160) to work on /opt/airflow/dags/music_processing_dag.py
[2026-05-21T09:30:36.685+0000] {processor.py:830} INFO - Processing file /opt/airflow/dags/music_processing_dag.py for tasks to queue
[2026-05-21T09:30:36.687+0000] {logging_mixin.py:188} INFO - [2026-05-21T09:30:36.687+0000] {dagbag.py:538} INFO - Filling up the DagBag from /opt/airflow/dags/music_processing_dag.py
[2026-05-21T09:30:36.700+0000] {processor.py:840} INFO - DAG(s) 'music_processing' retrieved from /opt/airflow/dags/music_processing_dag.py
[2026-05-21T09:30:36.724+0000] {logging_mixin.py:188} INFO - [2026-05-21T09:30:36.724+0000] {dag.py:3036} INFO - Sync 1 DAGs
[2026-05-21T09:30:36.732+0000] {logging_mixin.py:188} INFO - [2026-05-21T09:30:36.732+0000] {dag.py:3823} INFO - Setting next_dagrun for music_processing to None, run_after=None
[2026-05-21T09:30:36.745+0000] {processor.py:183} INFO - Processing /opt/airflow/dags/music_processing_dag.py took 0.062 seconds
[2026-05-21T09:31:06.986+0000] {processor.py:161} INFO - Started process (PID=161) to work on /opt/airflow/dags/music_processing_dag.py
[2026-05-21T09:31:06.987+0000] {processor.py:830} INFO - Processing file /opt/airflow/dags/music_processing_dag.py for tasks to queue
[2026-05-21T09:31:06.988+0000] {logging_mixin.py:188} INFO - [2026-05-21T09:31:06.988+0000] {dagbag.py:538} INFO - Filling up the DagBag from /opt/airflow/dags/music_processing_dag.py
[2026-05-21T09:31:07.001+0000] {processor.py:840} INFO - DAG(s) 'music_processing' retrieved from /opt/airflow/dags/music_processing_dag.py
[2026-05-21T09:31:07.025+0000] {logging_mixin.py:188} INFO - [2026-05-21T09:31:07.024+0000] {dag.py:3036} INFO - Sync 1 DAGs
[2026-05-21T09:31:07.034+0000] {logging_mixin.py:188} INFO - [2026-05-21T09:31:07.033+0000] {dag.py:3823} INFO - Setting next_dagrun for music_processing to None, run_after=None
[2026-05-21T09:31:07.046+0000] {processor.py:183} INFO - Processing /opt/airflow/dags/music_processing_dag.py took 0.062 seconds
[2026-05-21T09:31:37.290+0000] {processor.py:161} INFO - Started process (PID=162) to work on /opt/airflow/dags/music_processing_dag.py
[2026-05-21T09:31:37.290+0000] {processor.py:830} INFO - Processing file /opt/airflow/dags/music_processing_dag.py for tasks to queue
[2026-05-21T09:31:37.292+0000] {logging_mixin.py:188} INFO - [2026-05-21T09:31:37.291+0000] {dagbag.py:538} INFO - Filling up the DagBag from /opt/airflow/dags/music_processing_dag.py
[2026-05-21T09:31:37.304+0000] {processor.py:840} INFO - DAG(s) 'music_processing' retrieved from /opt/airflow/dags/music_processing_dag.py
[2026-05-21T09:31:37.330+0000] {logging_mixin.py:188} INFO - [2026-05-21T09:31:37.330+0000] {dag.py:3036} INFO - Sync 1 DAGs
[2026-05-21T09:31:37.338+0000] {logging_mixin.py:188} INFO - [2026-05-21T09:31:37.338+0000] {dag.py:3823} INFO - Setting next_dagrun for music_processing to None, run_after=None
[2026-05-21T09:31:37.351+0000] {processor.py:183} INFO - Processing /opt/airflow/dags/music_processing_dag.py took 0.063 seconds
[2026-05-21T09:32:07.517+0000] {processor.py:161} INFO - Started process (PID=163) to work on /opt/airflow/dags/music_processing_dag.py
[2026-05-21T09:32:07.518+0000] {processor.py:830} INFO - Processing file /opt/airflow/dags/music_processing_dag.py for tasks to queue
[2026-05-21T09:32:07.520+0000] {logging_mixin.py:188} INFO - [2026-05-21T09:32:07.519+0000] {dagbag.py:538} INFO - Filling up the DagBag from /opt/airflow/dags/music_processing_dag.py
[2026-05-21T09:32:07.531+0000] {processor.py:840} INFO - DAG(s) 'music_processing' retrieved from /opt/airflow/dags/music_processing_dag.py
[2026-05-21T09:32:07.559+0000] {logging_mixin.py:188} INFO - [2026-05-21T09:32:07.558+0000] {dag.py:3036} INFO - Sync 1 DAGs
[2026-05-21T09:32:07.567+0000] {logging_mixin.py:188} INFO - [2026-05-21T09:32:07.566+0000] {dag.py:3823} INFO - Setting next_dagrun for music_processing to None, run_after=None
[2026-05-21T09:32:07.580+0000] {processor.py:183} INFO - Processing /opt/airflow/dags/music_processing_dag.py took 0.067 seconds
[2026-05-21T09:32:37.905+0000] {processor.py:161} INFO - Started process (PID=164) to work on /opt/airflow/dags/music_processing_dag.py
[2026-05-21T09:32:37.905+0000] {processor.py:830} INFO - Processing file /opt/airflow/dags/music_processing_dag.py for tasks to queue
[2026-05-21T09:32:37.907+0000] {logging_mixin.py:188} INFO - [2026-05-21T09:32:37.907+0000] {dagbag.py:538} INFO - Filling up the DagBag from /opt/airflow/dags/music_processing_dag.py
[2026-05-21T09:32:37.923+0000] {processor.py:840} INFO - DAG(s) 'music_processing' retrieved from /opt/airflow/dags/music_processing_dag.py
[2026-05-21T09:32:37.948+0000] {logging_mixin.py:188} INFO - [2026-05-21T09:32:37.947+0000] {dag.py:3036} INFO - Sync 1 DAGs
[2026-05-21T09:32:37.955+0000] {logging_mixin.py:188} INFO - [2026-05-21T09:32:37.955+0000] {dag.py:3823} INFO - Setting next_dagrun for music_processing to None, run_after=None
[2026-05-21T09:32:37.968+0000] {processor.py:183} INFO - Processing /opt/airflow/dags/music_processing_dag.py took 0.066 seconds
[2026-05-21T09:33:08.265+0000] {processor.py:161} INFO - Started process (PID=165) to work on /opt/airflow/dags/music_processing_dag.py
[2026-05-21T09:33:08.266+0000] {processor.py:830} INFO - Processing file /opt/airflow/dags/music_processing_dag.py for tasks to queue
[2026-05-21T09:33:08.268+0000] {logging_mixin.py:188} INFO - [2026-05-21T09:33:08.268+0000] {dagbag.py:538} INFO - Filling up the DagBag from /opt/airflow/dags/music_processing_dag.py
[2026-05-21T09:33:08.280+0000] {processor.py:840} INFO - DAG(s) 'music_processing' retrieved from /opt/airflow/dags/music_processing_dag.py
[2026-05-21T09:33:08.303+0000] {logging_mixin.py:188} INFO - [2026-05-21T09:33:08.303+0000] {dag.py:3036} INFO - Sync 1 DAGs
[2026-05-21T09:33:08.311+0000] {logging_mixin.py:188} INFO - [2026-05-21T09:33:08.311+0000] {dag.py:3823} INFO - Setting next_dagrun for music_processing to None, run_after=None
[2026-05-21T09:33:08.322+0000] {processor.py:183} INFO - Processing /opt/airflow/dags/music_processing_dag.py took 0.061 seconds
[2026-05-21T09:33:38.678+0000] {processor.py:161} INFO - Started process (PID=166) to work on /opt/airflow/dags/music_processing_dag.py
[2026-05-21T09:33:38.679+0000] {processor.py:830} INFO - Processing file /opt/airflow/dags/music_processing_dag.py for tasks to queue
[2026-05-21T09:33:38.680+0000] {logging_mixin.py:188} INFO - [2026-05-21T09:33:38.680+0000] {dagbag.py:538} INFO - Filling up the DagBag from /opt/airflow/dags/music_processing_dag.py
[2026-05-21T09:33:38.695+0000] {processor.py:840} INFO - DAG(s) 'music_processing' retrieved from /opt/airflow/dags/music_processing_dag.py
[2026-05-21T09:33:38.718+0000] {logging_mixin.py:188} INFO - [2026-05-21T09:33:38.717+0000] {dag.py:3036} INFO - Sync 1 DAGs
[2026-05-21T09:33:38.725+0000] {logging_mixin.py:188} INFO - [2026-05-21T09:33:38.725+0000] {dag.py:3823} INFO - Setting next_dagrun for music_processing to None, run_after=None
[2026-05-21T09:33:38.738+0000] {processor.py:183} INFO - Processing /opt/airflow/dags/music_processing_dag.py took 0.063 seconds
[2026-05-21T09:34:09.074+0000] {processor.py:161} INFO - Started process (PID=167) to work on /opt/airflow/dags/music_processing_dag.py
[2026-05-21T09:34:09.075+0000] {processor.py:830} INFO - Processing file /opt/airflow/dags/music_processing_dag.py for tasks to queue
[2026-05-21T09:34:09.077+0000] {logging_mixin.py:188} INFO - [2026-05-21T09:34:09.077+0000] {dagbag.py:538} INFO - Filling up the DagBag from /opt/airflow/dags/music_processing_dag.py
[2026-05-21T09:34:09.090+0000] {processor.py:840} INFO - DAG(s) 'music_processing' retrieved from /opt/airflow/dags/music_processing_dag.py
[2026-05-21T09:34:09.114+0000] {logging_mixin.py:188} INFO - [2026-05-21T09:34:09.114+0000] {dag.py:3036} INFO - Sync 1 DAGs
[2026-05-21T09:34:09.121+0000] {logging_mixin.py:188} INFO - [2026-05-21T09:34:09.121+0000] {dag.py:3823} INFO - Setting next_dagrun for music_processing to None, run_after=None
[2026-05-21T09:34:09.134+0000] {processor.py:183} INFO - Processing /opt/airflow/dags/music_processing_dag.py took 0.063 seconds
[2026-05-21T09:34:39.503+0000] {processor.py:161} INFO - Started process (PID=168) to work on /opt/airflow/dags/music_processing_dag.py
[2026-05-21T09:34:39.503+0000] {processor.py:830} INFO - Processing file /opt/airflow/dags/music_processing_dag.py for tasks to queue
[2026-05-21T09:34:39.505+0000] {logging_mixin.py:188} INFO - [2026-05-21T09:34:39.504+0000] {dagbag.py:538} INFO - Filling up the DagBag from /opt/airflow/dags/music_processing_dag.py
[2026-05-21T09:34:39.516+0000] {processor.py:840} INFO - DAG(s) 'music_processing' retrieved from /opt/airflow/dags/music_processing_dag.py
[2026-05-21T09:34:39.538+0000] {logging_mixin.py:188} INFO - [2026-05-21T09:34:39.538+0000] {dag.py:3036} INFO - Sync 1 DAGs
[2026-05-21T09:34:39.545+0000] {logging_mixin.py:188} INFO - [2026-05-21T09:34:39.545+0000] {dag.py:3823} INFO - Setting next_dagrun for music_processing to None, run_after=None
[2026-05-21T09:34:39.557+0000] {processor.py:183} INFO - Processing /opt/airflow/dags/music_processing_dag.py took 0.056 seconds
[2026-05-21T09:35:09.851+0000] {processor.py:161} INFO - Started process (PID=169) to work on /opt/airflow/dags/music_processing_dag.py
[2026-05-21T09:35:09.851+0000] {processor.py:830} INFO - Processing file /opt/airflow/dags/music_processing_dag.py for tasks to queue
[2026-05-21T09:35:09.853+0000] {logging_mixin.py:188} INFO - [2026-05-21T09:35:09.853+0000] {dagbag.py:538} INFO - Filling up the DagBag from /opt/airflow/dags/music_processing_dag.py
[2026-05-21T09:35:09.868+0000] {processor.py:840} INFO - DAG(s) 'music_processing' retrieved from /opt/airflow/dags/music_processing_dag.py
[2026-05-21T09:35:09.890+0000] {logging_mixin.py:188} INFO - [2026-05-21T09:35:09.890+0000] {dag.py:3036} INFO - Sync 1 DAGs
[2026-05-21T09:35:09.899+0000] {logging_mixin.py:188} INFO - [2026-05-21T09:35:09.899+0000] {dag.py:3823} INFO - Setting next_dagrun for music_processing to None, run_after=None
[2026-05-21T09:35:09.911+0000] {processor.py:183} INFO - Processing /opt/airflow/dags/music_processing_dag.py took 0.064 seconds
[2026-05-21T09:35:40.229+0000] {processor.py:161} INFO - Started process (PID=170) to work on /opt/airflow/dags/music_processing_dag.py
[2026-05-21T09:35:40.230+0000] {processor.py:830} INFO - Processing file /opt/airflow/dags/music_processing_dag.py for tasks to queue
[2026-05-21T09:35:40.232+0000] {logging_mixin.py:188} INFO - [2026-05-21T09:35:40.232+0000] {dagbag.py:538} INFO - Filling up the DagBag from /opt/airflow/dags/music_processing_dag.py
[2026-05-21T09:35:40.249+0000] {processor.py:840} INFO - DAG(s) 'music_processing' retrieved from /opt/airflow/dags/music_processing_dag.py
[2026-05-21T09:35:40.271+0000] {logging_mixin.py:188} INFO - [2026-05-21T09:35:40.270+0000] {dag.py:3036} INFO - Sync 1 DAGs
[2026-05-21T09:35:40.278+0000] {logging_mixin.py:188} INFO - [2026-05-21T09:35:40.278+0000] {dag.py:3823} INFO - Setting next_dagrun for music_processing to None, run_after=None
[2026-05-21T09:35:40.289+0000] {processor.py:183} INFO - Processing /opt/airflow/dags/music_processing_dag.py took 0.064 seconds
[2026-05-21T09:36:10.525+0000] {processor.py:161} INFO - Started process (PID=171) to work on /opt/airflow/dags/music_processing_dag.py
[2026-05-21T09:36:10.525+0000] {processor.py:830} INFO - Processing file /opt/airflow/dags/music_processing_dag.py for tasks to queue
[2026-05-21T09:36:10.526+0000] {logging_mixin.py:188} INFO - [2026-05-21T09:36:10.526+0000] {dagbag.py:538} INFO - Filling up the DagBag from /opt/airflow/dags/music_processing_dag.py
[2026-05-21T09:36:10.537+0000] {processor.py:840} INFO - DAG(s) 'music_processing' retrieved from /opt/airflow/dags/music_processing_dag.py
[2026-05-21T09:36:10.560+0000] {logging_mixin.py:188} INFO - [2026-05-21T09:36:10.560+0000] {dag.py:3036} INFO - Sync 1 DAGs
[2026-05-21T09:36:10.567+0000] {logging_mixin.py:188} INFO - [2026-05-21T09:36:10.567+0000] {dag.py:3823} INFO - Setting next_dagrun for music_processing to None, run_after=None
[2026-05-21T09:36:10.577+0000] {processor.py:183} INFO - Processing /opt/airflow/dags/music_processing_dag.py took 0.054 seconds
[2026-05-21T09:36:40.793+0000] {processor.py:161} INFO - Started process (PID=172) to work on /opt/airflow/dags/music_processing_dag.py
[2026-05-21T09:36:40.793+0000] {processor.py:830} INFO - Processing file /opt/airflow/dags/music_processing_dag.py for tasks to queue
[2026-05-21T09:36:40.795+0000] {logging_mixin.py:188} INFO - [2026-05-21T09:36:40.794+0000] {dagbag.py:538} INFO - Filling up the DagBag from /opt/airflow/dags/music_processing_dag.py
[2026-05-21T09:36:40.807+0000] {processor.py:840} INFO - DAG(s) 'music_processing' retrieved from /opt/airflow/dags/music_processing_dag.py
[2026-05-21T09:36:40.833+0000] {logging_mixin.py:188} INFO - [2026-05-21T09:36:40.833+0000] {dag.py:3036} INFO - Sync 1 DAGs
[2026-05-21T09:36:40.843+0000] {logging_mixin.py:188} INFO - [2026-05-21T09:36:40.843+0000] {dag.py:3823} INFO - Setting next_dagrun for music_processing to None, run_after=None
[2026-05-21T09:36:40.857+0000] {processor.py:183} INFO - Processing /opt/airflow/dags/music_processing_dag.py took 0.067 seconds
[2026-05-21T09:37:10.947+0000] {processor.py:161} INFO - Started process (PID=173) to work on /opt/airflow/dags/music_processing_dag.py
[2026-05-21T09:37:10.948+0000] {processor.py:830} INFO - Processing file /opt/airflow/dags/music_processing_dag.py for tasks to queue
[2026-05-21T09:37:10.949+0000] {logging_mixin.py:188} INFO - [2026-05-21T09:37:10.949+0000] {dagbag.py:538} INFO - Filling up the DagBag from /opt/airflow/dags/music_processing_dag.py
[2026-05-21T09:37:10.960+0000] {processor.py:840} INFO - DAG(s) 'music_processing' retrieved from /opt/airflow/dags/music_processing_dag.py
[2026-05-21T09:37:10.984+0000] {logging_mixin.py:188} INFO - [2026-05-21T09:37:10.983+0000] {dag.py:3036} INFO - Sync 1 DAGs
[2026-05-21T09:37:10.991+0000] {logging_mixin.py:188} INFO - [2026-05-21T09:37:10.991+0000] {dag.py:3823} INFO - Setting next_dagrun for music_processing to None, run_after=None
[2026-05-21T09:37:11.002+0000] {processor.py:183} INFO - Processing /opt/airflow/dags/music_processing_dag.py took 0.057 seconds
[2026-05-21T09:37:41.147+0000] {processor.py:161} INFO - Started process (PID=174) to work on /opt/airflow/dags/music_processing_dag.py
[2026-05-21T09:37:41.148+0000] {processor.py:830} INFO - Processing file /opt/airflow/dags/music_processing_dag.py for tasks to queue
[2026-05-21T09:37:41.149+0000] {logging_mixin.py:188} INFO - [2026-05-21T09:37:41.149+0000] {dagbag.py:538} INFO - Filling up the DagBag from /opt/airflow/dags/music_processing_dag.py
[2026-05-21T09:37:41.162+0000] {processor.py:840} INFO - DAG(s) 'music_processing' retrieved from /opt/airflow/dags/music_processing_dag.py
[2026-05-21T09:37:41.185+0000] {logging_mixin.py:188} INFO - [2026-05-21T09:37:41.185+0000] {dag.py:3036} INFO - Sync 1 DAGs
[2026-05-21T09:37:41.194+0000] {logging_mixin.py:188} INFO - [2026-05-21T09:37:41.194+0000] {dag.py:3823} INFO - Setting next_dagrun for music_processing to None, run_after=None
[2026-05-21T09:37:41.208+0000] {processor.py:183} INFO - Processing /opt/airflow/dags/music_processing_dag.py took 0.063 seconds
[2026-05-21T09:38:11.401+0000] {processor.py:161} INFO - Started process (PID=175) to work on /opt/airflow/dags/music_processing_dag.py
[2026-05-21T09:38:11.402+0000] {processor.py:830} INFO - Processing file /opt/airflow/dags/music_processing_dag.py for tasks to queue
[2026-05-21T09:38:11.403+0000] {logging_mixin.py:188} INFO - [2026-05-21T09:38:11.403+0000] {dagbag.py:538} INFO - Filling up the DagBag from /opt/airflow/dags/music_processing_dag.py
[2026-05-21T09:38:11.415+0000] {processor.py:840} INFO - DAG(s) 'music_processing' retrieved from /opt/airflow/dags/music_processing_dag.py
[2026-05-21T09:38:11.438+0000] {logging_mixin.py:188} INFO - [2026-05-21T09:38:11.437+0000] {dag.py:3036} INFO - Sync 1 DAGs
[2026-05-21T09:38:11.445+0000] {logging_mixin.py:188} INFO - [2026-05-21T09:38:11.445+0000] {dag.py:3823} INFO - Setting next_dagrun for music_processing to None, run_after=None
[2026-05-21T09:38:11.456+0000] {processor.py:183} INFO - Processing /opt/airflow/dags/music_processing_dag.py took 0.056 seconds
[2026-05-21T09:38:41.737+0000] {processor.py:161} INFO - Started process (PID=176) to work on /opt/airflow/dags/music_processing_dag.py
[2026-05-21T09:38:41.738+0000] {processor.py:830} INFO - Processing file /opt/airflow/dags/music_processing_dag.py for tasks to queue
[2026-05-21T09:38:41.739+0000] {logging_mixin.py:188} INFO - [2026-05-21T09:38:41.739+0000] {dagbag.py:538} INFO - Filling up the DagBag from /opt/airflow/dags/music_processing_dag.py
[2026-05-21T09:38:41.752+0000] {processor.py:840} INFO - DAG(s) 'music_processing' retrieved from /opt/airflow/dags/music_processing_dag.py
[2026-05-21T09:38:41.775+0000] {logging_mixin.py:188} INFO - [2026-05-21T09:38:41.775+0000] {dag.py:3036} INFO - Sync 1 DAGs
[2026-05-21T09:38:41.783+0000] {logging_mixin.py:188} INFO - [2026-05-21T09:38:41.783+0000] {dag.py:3823} INFO - Setting next_dagrun for music_processing to None, run_after=None
[2026-05-21T09:38:41.795+0000] {processor.py:183} INFO - Processing /opt/airflow/dags/music_processing_dag.py took 0.060 seconds
[2026-05-21T09:39:12.054+0000] {processor.py:161} INFO - Started process (PID=177) to work on /opt/airflow/dags/music_processing_dag.py
[2026-05-21T09:39:12.055+0000] {processor.py:830} INFO - Processing file /opt/airflow/dags/music_processing_dag.py for tasks to queue
[2026-05-21T09:39:12.056+0000] {logging_mixin.py:188} INFO - [2026-05-21T09:39:12.056+0000] {dagbag.py:538} INFO - Filling up the DagBag from /opt/airflow/dags/music_processing_dag.py
[2026-05-21T09:39:12.069+0000] {processor.py:840} INFO - DAG(s) 'music_processing' retrieved from /opt/airflow/dags/music_processing_dag.py
[2026-05-21T09:39:12.092+0000] {logging_mixin.py:188} INFO - [2026-05-21T09:39:12.092+0000] {dag.py:3036} INFO - Sync 1 DAGs
[2026-05-21T09:39:12.099+0000] {logging_mixin.py:188} INFO - [2026-05-21T09:39:12.099+0000] {dag.py:3823} INFO - Setting next_dagrun for music_processing to None, run_after=None
[2026-05-21T09:39:12.112+0000] {processor.py:183} INFO - Processing /opt/airflow/dags/music_processing_dag.py took 0.060 seconds
[2026-05-21T09:39:42.329+0000] {processor.py:161} INFO - Started process (PID=178) to work on /opt/airflow/dags/music_processing_dag.py
[2026-05-21T09:39:42.330+0000] {processor.py:830} INFO - Processing file /opt/airflow/dags/music_processing_dag.py for tasks to queue
[2026-05-21T09:39:42.331+0000] {logging_mixin.py:188} INFO - [2026-05-21T09:39:42.331+0000] {dagbag.py:538} INFO - Filling up the DagBag from /opt/airflow/dags/music_processing_dag.py
[2026-05-21T09:39:42.344+0000] {processor.py:840} INFO - DAG(s) 'music_processing' retrieved from /opt/airflow/dags/music_processing_dag.py
[2026-05-21T09:39:42.369+0000] {logging_mixin.py:188} INFO - [2026-05-21T09:39:42.369+0000] {dag.py:3036} INFO - Sync 1 DAGs
[2026-05-21T09:39:42.377+0000] {logging_mixin.py:188} INFO - [2026-05-21T09:39:42.377+0000] {dag.py:3823} INFO - Setting next_dagrun for music_processing to None, run_after=None
[2026-05-21T09:39:42.393+0000] {processor.py:183} INFO - Processing /opt/airflow/dags/music_processing_dag.py took 0.066 seconds
[2026-05-21T09:40:12.537+0000] {processor.py:161} INFO - Started process (PID=179) to work on /opt/airflow/dags/music_processing_dag.py
[2026-05-21T09:40:12.538+0000] {processor.py:830} INFO - Processing file /opt/airflow/dags/music_processing_dag.py for tasks to queue
[2026-05-21T09:40:12.539+0000] {logging_mixin.py:188} INFO - [2026-05-21T09:40:12.539+0000] {dagbag.py:538} INFO - Filling up the DagBag from /opt/airflow/dags/music_processing_dag.py
[2026-05-21T09:40:12.550+0000] {processor.py:840} INFO - DAG(s) 'music_processing' retrieved from /opt/airflow/dags/music_processing_dag.py
[2026-05-21T09:40:12.574+0000] {logging_mixin.py:188} INFO - [2026-05-21T09:40:12.574+0000] {dag.py:3036} INFO - Sync 1 DAGs
[2026-05-21T09:40:12.583+0000] {logging_mixin.py:188} INFO - [2026-05-21T09:40:12.583+0000] {dag.py:3823} INFO - Setting next_dagrun for music_processing to None, run_after=None
[2026-05-21T09:40:12.594+0000] {processor.py:183} INFO - Processing /opt/airflow/dags/music_processing_dag.py took 0.060 seconds
[2026-05-21T09:40:42.783+0000] {processor.py:161} INFO - Started process (PID=180) to work on /opt/airflow/dags/music_processing_dag.py
[2026-05-21T09:40:42.784+0000] {processor.py:830} INFO - Processing file /opt/airflow/dags/music_processing_dag.py for tasks to queue
[2026-05-21T09:40:42.786+0000] {logging_mixin.py:188} INFO - [2026-05-21T09:40:42.786+0000] {dagbag.py:538} INFO - Filling up the DagBag from /opt/airflow/dags/music_processing_dag.py
[2026-05-21T09:40:42.803+0000] {processor.py:840} INFO - DAG(s) 'music_processing' retrieved from /opt/airflow/dags/music_processing_dag.py
[2026-05-21T09:40:42.826+0000] {logging_mixin.py:188} INFO - [2026-05-21T09:40:42.825+0000] {dag.py:3036} INFO - Sync 1 DAGs
[2026-05-21T09:40:42.833+0000] {logging_mixin.py:188} INFO - [2026-05-21T09:40:42.833+0000] {dag.py:3823} INFO - Setting next_dagrun for music_processing to None, run_after=None
[2026-05-21T09:40:42.846+0000] {processor.py:183} INFO - Processing /opt/airflow/dags/music_processing_dag.py took 0.067 seconds
[2026-05-21T09:41:13.137+0000] {processor.py:161} INFO - Started process (PID=181) to work on /opt/airflow/dags/music_processing_dag.py
[2026-05-21T09:41:13.137+0000] {processor.py:830} INFO - Processing file /opt/airflow/dags/music_processing_dag.py for tasks to queue
[2026-05-21T09:41:13.138+0000] {logging_mixin.py:188} INFO - [2026-05-21T09:41:13.138+0000] {dagbag.py:538} INFO - Filling up the DagBag from /opt/airflow/dags/music_processing_dag.py
[2026-05-21T09:41:13.151+0000] {processor.py:840} INFO - DAG(s) 'music_processing' retrieved from /opt/airflow/dags/music_processing_dag.py
[2026-05-21T09:41:13.175+0000] {logging_mixin.py:188} INFO - [2026-05-21T09:41:13.175+0000] {dag.py:3036} INFO - Sync 1 DAGs
[2026-05-21T09:41:13.182+0000] {logging_mixin.py:188} INFO - [2026-05-21T09:41:13.182+0000] {dag.py:3823} INFO - Setting next_dagrun for music_processing to None, run_after=None
[2026-05-21T09:41:13.195+0000] {processor.py:183} INFO - Processing /opt/airflow/dags/music_processing_dag.py took 0.060 seconds
[2026-05-21T09:41:43.362+0000] {processor.py:161} INFO - Started process (PID=182) to work on /opt/airflow/dags/music_processing_dag.py
[2026-05-21T09:41:43.363+0000] {processor.py:830} INFO - Processing file /opt/airflow/dags/music_processing_dag.py for tasks to queue
[2026-05-21T09:41:43.364+0000] {logging_mixin.py:188} INFO - [2026-05-21T09:41:43.364+0000] {dagbag.py:538} INFO - Filling up the DagBag from /opt/airflow/dags/music_processing_dag.py
[2026-05-21T09:41:43.378+0000] {processor.py:840} INFO - DAG(s) 'music_processing' retrieved from /opt/airflow/dags/music_processing_dag.py
[2026-05-21T09:41:43.401+0000] {logging_mixin.py:188} INFO - [2026-05-21T09:41:43.401+0000] {dag.py:3036} INFO - Sync 1 DAGs
[2026-05-21T09:41:43.409+0000] {logging_mixin.py:188} INFO - [2026-05-21T09:41:43.408+0000] {dag.py:3823} INFO - Setting next_dagrun for music_processing to None, run_after=None
[2026-05-21T09:41:43.421+0000] {processor.py:183} INFO - Processing /opt/airflow/dags/music_processing_dag.py took 0.060 seconds
[2026-05-21T09:42:13.682+0000] {processor.py:161} INFO - Started process (PID=183) to work on /opt/airflow/dags/music_processing_dag.py
[2026-05-21T09:42:13.683+0000] {processor.py:830} INFO - Processing file /opt/airflow/dags/music_processing_dag.py for tasks to queue
[2026-05-21T09:42:13.684+0000] {logging_mixin.py:188} INFO - [2026-05-21T09:42:13.684+0000] {dagbag.py:538} INFO - Filling up the DagBag from /opt/airflow/dags/music_processing_dag.py
[2026-05-21T09:42:13.698+0000] {processor.py:840} INFO - DAG(s) 'music_processing' retrieved from /opt/airflow/dags/music_processing_dag.py
[2026-05-21T09:42:13.720+0000] {logging_mixin.py:188} INFO - [2026-05-21T09:42:13.720+0000] {dag.py:3036} INFO - Sync 1 DAGs
[2026-05-21T09:42:13.727+0000] {logging_mixin.py:188} INFO - [2026-05-21T09:42:13.727+0000] {dag.py:3823} INFO - Setting next_dagrun for music_processing to None, run_after=None
[2026-05-21T09:42:13.738+0000] {processor.py:183} INFO - Processing /opt/airflow/dags/music_processing_dag.py took 0.058 seconds
[2026-05-21T09:42:43.963+0000] {processor.py:161} INFO - Started process (PID=184) to work on /opt/airflow/dags/music_processing_dag.py
[2026-05-21T09:42:43.964+0000] {processor.py:830} INFO - Processing file /opt/airflow/dags/music_processing_dag.py for tasks to queue
[2026-05-21T09:42:43.965+0000] {logging_mixin.py:188} INFO - [2026-05-21T09:42:43.965+0000] {dagbag.py:538} INFO - Filling up the DagBag from /opt/airflow/dags/music_processing_dag.py
[2026-05-21T09:42:43.977+0000] {processor.py:840} INFO - DAG(s) 'music_processing' retrieved from /opt/airflow/dags/music_processing_dag.py
[2026-05-21T09:42:43.999+0000] {logging_mixin.py:188} INFO - [2026-05-21T09:42:43.999+0000] {dag.py:3036} INFO - Sync 1 DAGs
[2026-05-21T09:42:44.007+0000] {logging_mixin.py:188} INFO - [2026-05-21T09:42:44.007+0000] {dag.py:3823} INFO - Setting next_dagrun for music_processing to None, run_after=None
[2026-05-21T09:42:44.017+0000] {processor.py:183} INFO - Processing /opt/airflow/dags/music_processing_dag.py took 0.056 seconds
[2026-05-21T09:43:14.356+0000] {processor.py:161} INFO - Started process (PID=185) to work on /opt/airflow/dags/music_processing_dag.py
[2026-05-21T09:43:14.357+0000] {processor.py:830} INFO - Processing file /opt/airflow/dags/music_processing_dag.py for tasks to queue
[2026-05-21T09:43:14.358+0000] {logging_mixin.py:188} INFO - [2026-05-21T09:43:14.358+0000] {dagbag.py:538} INFO - Filling up the DagBag from /opt/airflow/dags/music_processing_dag.py
[2026-05-21T09:43:14.370+0000] {processor.py:840} INFO - DAG(s) 'music_processing' retrieved from /opt/airflow/dags/music_processing_dag.py
[2026-05-21T09:43:14.392+0000] {logging_mixin.py:188} INFO - [2026-05-21T09:43:14.392+0000] {dag.py:3036} INFO - Sync 1 DAGs
[2026-05-21T09:43:14.399+0000] {logging_mixin.py:188} INFO - [2026-05-21T09:43:14.399+0000] {dag.py:3823} INFO - Setting next_dagrun for music_processing to None, run_after=None
[2026-05-21T09:43:14.410+0000] {processor.py:183} INFO - Processing /opt/airflow/dags/music_processing_dag.py took 0.057 seconds
[2026-05-21T09:43:44.626+0000] {processor.py:161} INFO - Started process (PID=186) to work on /opt/airflow/dags/music_processing_dag.py
[2026-05-21T09:43:44.627+0000] {processor.py:830} INFO - Processing file /opt/airflow/dags/music_processing_dag.py for tasks to queue
[2026-05-21T09:43:44.629+0000] {logging_mixin.py:188} INFO - [2026-05-21T09:43:44.629+0000] {dagbag.py:538} INFO - Filling up the DagBag from /opt/airflow/dags/music_processing_dag.py
[2026-05-21T09:43:44.641+0000] {processor.py:840} INFO - DAG(s) 'music_processing' retrieved from /opt/airflow/dags/music_processing_dag.py
[2026-05-21T09:43:44.665+0000] {logging_mixin.py:188} INFO - [2026-05-21T09:43:44.665+0000] {dag.py:3036} INFO - Sync 1 DAGs
[2026-05-21T09:43:44.674+0000] {logging_mixin.py:188} INFO - [2026-05-21T09:43:44.674+0000] {dag.py:3823} INFO - Setting next_dagrun for music_processing to None, run_after=None
[2026-05-21T09:43:44.686+0000] {processor.py:183} INFO - Processing /opt/airflow/dags/music_processing_dag.py took 0.063 seconds
[2026-05-21T09:44:14.850+0000] {processor.py:161} INFO - Started process (PID=187) to work on /opt/airflow/dags/music_processing_dag.py
[2026-05-21T09:44:14.851+0000] {processor.py:830} INFO - Processing file /opt/airflow/dags/music_processing_dag.py for tasks to queue
[2026-05-21T09:44:14.852+0000] {logging_mixin.py:188} INFO - [2026-05-21T09:44:14.852+0000] {dagbag.py:538} INFO - Filling up the DagBag from /opt/airflow/dags/music_processing_dag.py
[2026-05-21T09:44:14.862+0000] {processor.py:840} INFO - DAG(s) 'music_processing' retrieved from /opt/airflow/dags/music_processing_dag.py
[2026-05-21T09:44:14.886+0000] {logging_mixin.py:188} INFO - [2026-05-21T09:44:14.886+0000] {dag.py:3036} INFO - Sync 1 DAGs
[2026-05-21T09:44:14.894+0000] {logging_mixin.py:188} INFO - [2026-05-21T09:44:14.894+0000] {dag.py:3823} INFO - Setting next_dagrun for music_processing to None, run_after=None
[2026-05-21T09:44:14.909+0000] {processor.py:183} INFO - Processing /opt/airflow/dags/music_processing_dag.py took 0.060 seconds
[2026-05-21T09:44:45.169+0000] {processor.py:161} INFO - Started process (PID=188) to work on /opt/airflow/dags/music_processing_dag.py
[2026-05-21T09:44:45.170+0000] {processor.py:830} INFO - Processing file /opt/airflow/dags/music_processing_dag.py for tasks to queue
[2026-05-21T09:44:45.172+0000] {logging_mixin.py:188} INFO - [2026-05-21T09:44:45.172+0000] {dagbag.py:538} INFO - Filling up the DagBag from /opt/airflow/dags/music_processing_dag.py
[2026-05-21T09:44:45.183+0000] {processor.py:840} INFO - DAG(s) 'music_processing' retrieved from /opt/airflow/dags/music_processing_dag.py
[2026-05-21T09:44:45.209+0000] {logging_mixin.py:188} INFO - [2026-05-21T09:44:45.208+0000] {dag.py:3036} INFO - Sync 1 DAGs
[2026-05-21T09:44:45.217+0000] {logging_mixin.py:188} INFO - [2026-05-21T09:44:45.217+0000] {dag.py:3823} INFO - Setting next_dagrun for music_processing to None, run_after=None
[2026-05-21T09:44:45.232+0000] {processor.py:183} INFO - Processing /opt/airflow/dags/music_processing_dag.py took 0.067 seconds
[2026-05-21T09:45:15.435+0000] {processor.py:161} INFO - Started process (PID=189) to work on /opt/airflow/dags/music_processing_dag.py
[2026-05-21T09:45:15.436+0000] {processor.py:830} INFO - Processing file /opt/airflow/dags/music_processing_dag.py for tasks to queue
[2026-05-21T09:45:15.438+0000] {logging_mixin.py:188} INFO - [2026-05-21T09:45:15.438+0000] {dagbag.py:538} INFO - Filling up the DagBag from /opt/airflow/dags/music_processing_dag.py
[2026-05-21T09:45:15.450+0000] {processor.py:840} INFO - DAG(s) 'music_processing' retrieved from /opt/airflow/dags/music_processing_dag.py
[2026-05-21T09:45:15.473+0000] {logging_mixin.py:188} INFO - [2026-05-21T09:45:15.473+0000] {dag.py:3036} INFO - Sync 1 DAGs
[2026-05-21T09:45:15.481+0000] {logging_mixin.py:188} INFO - [2026-05-21T09:45:15.481+0000] {dag.py:3823} INFO - Setting next_dagrun for music_processing to None, run_after=None
[2026-05-21T09:45:15.491+0000] {processor.py:183} INFO - Processing /opt/airflow/dags/music_processing_dag.py took 0.060 seconds
[2026-05-21T09:45:45.828+0000] {processor.py:161} INFO - Started process (PID=190) to work on /opt/airflow/dags/music_processing_dag.py
[2026-05-21T09:45:45.828+0000] {processor.py:830} INFO - Processing file /opt/airflow/dags/music_processing_dag.py for tasks to queue
[2026-05-21T09:45:45.830+0000] {logging_mixin.py:188} INFO - [2026-05-21T09:45:45.829+0000] {dagbag.py:538} INFO - Filling up the DagBag from /opt/airflow/dags/music_processing_dag.py
[2026-05-21T09:45:45.840+0000] {processor.py:840} INFO - DAG(s) 'music_processing' retrieved from /opt/airflow/dags/music_processing_dag.py
[2026-05-21T09:45:45.863+0000] {logging_mixin.py:188} INFO - [2026-05-21T09:45:45.863+0000] {dag.py:3036} INFO - Sync 1 DAGs
[2026-05-21T09:45:45.870+0000] {logging_mixin.py:188} INFO - [2026-05-21T09:45:45.870+0000] {dag.py:3823} INFO - Setting next_dagrun for music_processing to None, run_after=None
[2026-05-21T09:45:45.882+0000] {processor.py:183} INFO - Processing /opt/airflow/dags/music_processing_dag.py took 0.056 seconds
[2026-05-21T09:46:16.079+0000] {processor.py:161} INFO - Started process (PID=191) to work on /opt/airflow/dags/music_processing_dag.py
[2026-05-21T09:46:16.080+0000] {processor.py:830} INFO - Processing file /opt/airflow/dags/music_processing_dag.py for tasks to queue
[2026-05-21T09:46:16.081+0000] {logging_mixin.py:188} INFO - [2026-05-21T09:46:16.081+0000] {dagbag.py:538} INFO - Filling up the DagBag from /opt/airflow/dags/music_processing_dag.py
[2026-05-21T09:46:16.092+0000] {processor.py:840} INFO - DAG(s) 'music_processing' retrieved from /opt/airflow/dags/music_processing_dag.py
[2026-05-21T09:46:16.117+0000] {logging_mixin.py:188} INFO - [2026-05-21T09:46:16.116+0000] {dag.py:3036} INFO - Sync 1 DAGs
[2026-05-21T09:46:16.125+0000] {logging_mixin.py:188} INFO - [2026-05-21T09:46:16.124+0000] {dag.py:3823} INFO - Setting next_dagrun for music_processing to None, run_after=None
[2026-05-21T09:46:16.136+0000] {processor.py:183} INFO - Processing /opt/airflow/dags/music_processing_dag.py took 0.059 seconds
[2026-05-21T09:46:46.324+0000] {processor.py:161} INFO - Started process (PID=192) to work on /opt/airflow/dags/music_processing_dag.py
[2026-05-21T09:46:46.325+0000] {processor.py:830} INFO - Processing file /opt/airflow/dags/music_processing_dag.py for tasks to queue
[2026-05-21T09:46:46.327+0000] {logging_mixin.py:188} INFO - [2026-05-21T09:46:46.327+0000] {dagbag.py:538} INFO - Filling up the DagBag from /opt/airflow/dags/music_processing_dag.py
[2026-05-21T09:46:46.346+0000] {processor.py:840} INFO - DAG(s) 'music_processing' retrieved from /opt/airflow/dags/music_processing_dag.py
[2026-05-21T09:46:46.368+0000] {logging_mixin.py:188} INFO - [2026-05-21T09:46:46.368+0000] {dag.py:3036} INFO - Sync 1 DAGs
[2026-05-21T09:46:46.376+0000] {logging_mixin.py:188} INFO - [2026-05-21T09:46:46.376+0000] {dag.py:3823} INFO - Setting next_dagrun for music_processing to None, run_after=None
[2026-05-21T09:46:46.391+0000] {processor.py:183} INFO - Processing /opt/airflow/dags/music_processing_dag.py took 0.070 seconds
[2026-05-21T09:47:16.679+0000] {processor.py:161} INFO - Started process (PID=193) to work on /opt/airflow/dags/music_processing_dag.py
[2026-05-21T09:47:16.680+0000] {processor.py:830} INFO - Processing file /opt/airflow/dags/music_processing_dag.py for tasks to queue
[2026-05-21T09:47:16.682+0000] {logging_mixin.py:188} INFO - [2026-05-21T09:47:16.682+0000] {dagbag.py:538} INFO - Filling up the DagBag from /opt/airflow/dags/music_processing_dag.py
[2026-05-21T09:47:16.696+0000] {processor.py:840} INFO - DAG(s) 'music_processing' retrieved from /opt/airflow/dags/music_processing_dag.py
[2026-05-21T09:47:16.723+0000] {logging_mixin.py:188} INFO - [2026-05-21T09:47:16.723+0000] {dag.py:3036} INFO - Sync 1 DAGs
[2026-05-21T09:47:16.730+0000] {logging_mixin.py:188} INFO - [2026-05-21T09:47:16.730+0000] {dag.py:3823} INFO - Setting next_dagrun for music_processing to None, run_after=None
[2026-05-21T09:47:16.741+0000] {processor.py:183} INFO - Processing /opt/airflow/dags/music_processing_dag.py took 0.065 seconds
[2026-05-21T09:47:46.963+0000] {processor.py:161} INFO - Started process (PID=194) to work on /opt/airflow/dags/music_processing_dag.py
[2026-05-21T09:47:46.965+0000] {processor.py:830} INFO - Processing file /opt/airflow/dags/music_processing_dag.py for tasks to queue
[2026-05-21T09:47:46.967+0000] {logging_mixin.py:188} INFO - [2026-05-21T09:47:46.967+0000] {dagbag.py:538} INFO - Filling up the DagBag from /opt/airflow/dags/music_processing_dag.py
[2026-05-21T09:47:46.984+0000] {processor.py:840} INFO - DAG(s) 'music_processing' retrieved from /opt/airflow/dags/music_processing_dag.py
[2026-05-21T09:47:47.015+0000] {logging_mixin.py:188} INFO - [2026-05-21T09:47:47.014+0000] {dag.py:3036} INFO - Sync 1 DAGs
[2026-05-21T09:47:47.026+0000] {logging_mixin.py:188} INFO - [2026-05-21T09:47:47.026+0000] {dag.py:3823} INFO - Setting next_dagrun for music_processing to None, run_after=None
[2026-05-21T09:47:47.038+0000] {processor.py:183} INFO - Processing /opt/airflow/dags/music_processing_dag.py took 0.078 seconds
[2026-05-21T09:48:17.402+0000] {processor.py:161} INFO - Started process (PID=195) to work on /opt/airflow/dags/music_processing_dag.py
[2026-05-21T09:48:17.403+0000] {processor.py:830} INFO - Processing file /opt/airflow/dags/music_processing_dag.py for tasks to queue
[2026-05-21T09:48:17.405+0000] {logging_mixin.py:188} INFO - [2026-05-21T09:48:17.405+0000] {dagbag.py:538} INFO - Filling up the DagBag from /opt/airflow/dags/music_processing_dag.py
[2026-05-21T09:48:17.421+0000] {processor.py:840} INFO - DAG(s) 'music_processing' retrieved from /opt/airflow/dags/music_processing_dag.py
[2026-05-21T09:48:17.448+0000] {logging_mixin.py:188} INFO - [2026-05-21T09:48:17.448+0000] {dag.py:3036} INFO - Sync 1 DAGs
[2026-05-21T09:48:17.456+0000] {logging_mixin.py:188} INFO - [2026-05-21T09:48:17.456+0000] {dag.py:3823} INFO - Setting next_dagrun for music_processing to None, run_after=None
[2026-05-21T09:48:17.470+0000] {processor.py:183} INFO - Processing /opt/airflow/dags/music_processing_dag.py took 0.071 seconds
[2026-05-21T09:48:47.767+0000] {processor.py:161} INFO - Started process (PID=196) to work on /opt/airflow/dags/music_processing_dag.py
[2026-05-21T09:48:47.767+0000] {processor.py:830} INFO - Processing file /opt/airflow/dags/music_processing_dag.py for tasks to queue
[2026-05-21T09:48:47.768+0000] {logging_mixin.py:188} INFO - [2026-05-21T09:48:47.768+0000] {dagbag.py:538} INFO - Filling up the DagBag from /opt/airflow/dags/music_processing_dag.py
[2026-05-21T09:48:47.782+0000] {processor.py:840} INFO - DAG(s) 'music_processing' retrieved from /opt/airflow/dags/music_processing_dag.py
[2026-05-21T09:48:47.805+0000] {logging_mixin.py:188} INFO - [2026-05-21T09:48:47.805+0000] {dag.py:3036} INFO - Sync 1 DAGs
[2026-05-21T09:48:47.814+0000] {logging_mixin.py:188} INFO - [2026-05-21T09:48:47.814+0000] {dag.py:3823} INFO - Setting next_dagrun for music_processing to None, run_after=None
[2026-05-21T09:48:47.826+0000] {processor.py:183} INFO - Processing /opt/airflow/dags/music_processing_dag.py took 0.062 seconds
[2026-05-21T09:49:17.980+0000] {processor.py:161} INFO - Started process (PID=197) to work on /opt/airflow/dags/music_processing_dag.py
[2026-05-21T09:49:17.980+0000] {processor.py:830} INFO - Processing file /opt/airflow/dags/music_processing_dag.py for tasks to queue
[2026-05-21T09:49:17.982+0000] {logging_mixin.py:188} INFO - [2026-05-21T09:49:17.981+0000] {dagbag.py:538} INFO - Filling up the DagBag from /opt/airflow/dags/music_processing_dag.py
[2026-05-21T09:49:17.994+0000] {processor.py:840} INFO - DAG(s) 'music_processing' retrieved from /opt/airflow/dags/music_processing_dag.py
[2026-05-21T09:49:18.023+0000] {logging_mixin.py:188} INFO - [2026-05-21T09:49:18.023+0000] {dag.py:3036} INFO - Sync 1 DAGs
[2026-05-21T09:49:18.031+0000] {logging_mixin.py:188} INFO - [2026-05-21T09:49:18.031+0000] {dag.py:3823} INFO - Setting next_dagrun for music_processing to None, run_after=None
[2026-05-21T09:49:18.046+0000] {processor.py:183} INFO - Processing /opt/airflow/dags/music_processing_dag.py took 0.068 seconds
[2026-05-21T09:49:48.209+0000] {processor.py:161} INFO - Started process (PID=198) to work on /opt/airflow/dags/music_processing_dag.py
[2026-05-21T09:49:48.209+0000] {processor.py:830} INFO - Processing file /opt/airflow/dags/music_processing_dag.py for tasks to queue
[2026-05-21T09:49:48.211+0000] {logging_mixin.py:188} INFO - [2026-05-21T09:49:48.210+0000] {dagbag.py:538} INFO - Filling up the DagBag from /opt/airflow/dags/music_processing_dag.py
[2026-05-21T09:49:48.224+0000] {processor.py:840} INFO - DAG(s) 'music_processing' retrieved from /opt/airflow/dags/music_processing_dag.py
[2026-05-21T09:49:48.250+0000] {logging_mixin.py:188} INFO - [2026-05-21T09:49:48.249+0000] {dag.py:3036} INFO - Sync 1 DAGs
[2026-05-21T09:49:48.258+0000] {logging_mixin.py:188} INFO - [2026-05-21T09:49:48.258+0000] {dag.py:3823} INFO - Setting next_dagrun for music_processing to None, run_after=None
[2026-05-21T09:49:48.272+0000] {processor.py:183} INFO - Processing /opt/airflow/dags/music_processing_dag.py took 0.066 seconds
[2026-05-21T09:50:18.526+0000] {processor.py:161} INFO - Started process (PID=199) to work on /opt/airflow/dags/music_processing_dag.py
[2026-05-21T09:50:18.527+0000] {processor.py:830} INFO - Processing file /opt/airflow/dags/music_processing_dag.py for tasks to queue
[2026-05-21T09:50:18.528+0000] {logging_mixin.py:188} INFO - [2026-05-21T09:50:18.528+0000] {dagbag.py:538} INFO - Filling up the DagBag from /opt/airflow/dags/music_processing_dag.py
[2026-05-21T09:50:18.541+0000] {processor.py:840} INFO - DAG(s) 'music_processing' retrieved from /opt/airflow/dags/music_processing_dag.py
[2026-05-21T09:50:18.568+0000] {logging_mixin.py:188} INFO - [2026-05-21T09:50:18.568+0000] {dag.py:3036} INFO - Sync 1 DAGs
[2026-05-21T09:50:18.577+0000] {logging_mixin.py:188} INFO - [2026-05-21T09:50:18.577+0000] {dag.py:3823} INFO - Setting next_dagrun for music_processing to None, run_after=None
[2026-05-21T09:50:18.591+0000] {processor.py:183} INFO - Processing /opt/airflow/dags/music_processing_dag.py took 0.066 seconds
[2026-05-21T09:50:48.903+0000] {processor.py:161} INFO - Started process (PID=200) to work on /opt/airflow/dags/music_processing_dag.py
[2026-05-21T09:50:48.904+0000] {processor.py:830} INFO - Processing file /opt/airflow/dags/music_processing_dag.py for tasks to queue
[2026-05-21T09:50:48.905+0000] {logging_mixin.py:188} INFO - [2026-05-21T09:50:48.905+0000] {dagbag.py:538} INFO - Filling up the DagBag from /opt/airflow/dags/music_processing_dag.py
[2026-05-21T09:50:48.919+0000] {processor.py:840} INFO - DAG(s) 'music_processing' retrieved from /opt/airflow/dags/music_processing_dag.py
[2026-05-21T09:50:48.943+0000] {logging_mixin.py:188} INFO - [2026-05-21T09:50:48.943+0000] {dag.py:3036} INFO - Sync 1 DAGs
[2026-05-21T09:50:48.952+0000] {logging_mixin.py:188} INFO - [2026-05-21T09:50:48.952+0000] {dag.py:3823} INFO - Setting next_dagrun for music_processing to None, run_after=None
[2026-05-21T09:50:48.966+0000] {processor.py:183} INFO - Processing /opt/airflow/dags/music_processing_dag.py took 0.065 seconds
[2026-05-21T09:51:19.131+0000] {processor.py:161} INFO - Started process (PID=201) to work on /opt/airflow/dags/music_processing_dag.py
[2026-05-21T09:51:19.132+0000] {processor.py:830} INFO - Processing file /opt/airflow/dags/music_processing_dag.py for tasks to queue
[2026-05-21T09:51:19.133+0000] {logging_mixin.py:188} INFO - [2026-05-21T09:51:19.133+0000] {dagbag.py:538} INFO - Filling up the DagBag from /opt/airflow/dags/music_processing_dag.py
[2026-05-21T09:51:19.145+0000] {processor.py:840} INFO - DAG(s) 'music_processing' retrieved from /opt/airflow/dags/music_processing_dag.py
[2026-05-21T09:51:19.171+0000] {logging_mixin.py:188} INFO - [2026-05-21T09:51:19.171+0000] {dag.py:3036} INFO - Sync 1 DAGs
[2026-05-21T09:51:19.179+0000] {logging_mixin.py:188} INFO - [2026-05-21T09:51:19.179+0000] {dag.py:3823} INFO - Setting next_dagrun for music_processing to None, run_after=None
[2026-05-21T09:51:19.193+0000] {processor.py:183} INFO - Processing /opt/airflow/dags/music_processing_dag.py took 0.064 seconds
[2026-05-21T09:51:49.407+0000] {processor.py:161} INFO - Started process (PID=202) to work on /opt/airflow/dags/music_processing_dag.py
[2026-05-21T09:51:49.408+0000] {processor.py:830} INFO - Processing file /opt/airflow/dags/music_processing_dag.py for tasks to queue
[2026-05-21T09:51:49.411+0000] {logging_mixin.py:188} INFO - [2026-05-21T09:51:49.410+0000] {dagbag.py:538} INFO - Filling up the DagBag from /opt/airflow/dags/music_processing_dag.py
[2026-05-21T09:51:49.427+0000] {processor.py:840} INFO - DAG(s) 'music_processing' retrieved from /opt/airflow/dags/music_processing_dag.py
[2026-05-21T09:51:49.451+0000] {logging_mixin.py:188} INFO - [2026-05-21T09:51:49.451+0000] {dag.py:3036} INFO - Sync 1 DAGs
[2026-05-21T09:51:49.459+0000] {logging_mixin.py:188} INFO - [2026-05-21T09:51:49.459+0000] {dag.py:3823} INFO - Setting next_dagrun for music_processing to None, run_after=None
[2026-05-21T09:51:49.472+0000] {processor.py:183} INFO - Processing /opt/airflow/dags/music_processing_dag.py took 0.068 seconds
[2026-05-21T09:52:19.628+0000] {processor.py:161} INFO - Started process (PID=203) to work on /opt/airflow/dags/music_processing_dag.py
[2026-05-21T09:52:19.629+0000] {processor.py:830} INFO - Processing file /opt/airflow/dags/music_processing_dag.py for tasks to queue
[2026-05-21T09:52:19.631+0000] {logging_mixin.py:188} INFO - [2026-05-21T09:52:19.631+0000] {dagbag.py:538} INFO - Filling up the DagBag from /opt/airflow/dags/music_processing_dag.py
[2026-05-21T09:52:19.642+0000] {processor.py:840} INFO - DAG(s) 'music_processing' retrieved from /opt/airflow/dags/music_processing_dag.py
[2026-05-21T09:52:19.668+0000] {logging_mixin.py:188} INFO - [2026-05-21T09:52:19.668+0000] {dag.py:3036} INFO - Sync 1 DAGs
[2026-05-21T09:52:19.678+0000] {logging_mixin.py:188} INFO - [2026-05-21T09:52:19.678+0000] {dag.py:3823} INFO - Setting next_dagrun for music_processing to None, run_after=None
[2026-05-21T09:52:19.693+0000] {processor.py:183} INFO - Processing /opt/airflow/dags/music_processing_dag.py took 0.069 seconds
[2026-05-21T09:52:49.957+0000] {processor.py:161} INFO - Started process (PID=204) to work on /opt/airflow/dags/music_processing_dag.py
[2026-05-21T09:52:49.957+0000] {processor.py:830} INFO - Processing file /opt/airflow/dags/music_processing_dag.py for tasks to queue
[2026-05-21T09:52:49.959+0000] {logging_mixin.py:188} INFO - [2026-05-21T09:52:49.959+0000] {dagbag.py:538} INFO - Filling up the DagBag from /opt/airflow/dags/music_processing_dag.py
[2026-05-21T09:52:49.971+0000] {processor.py:840} INFO - DAG(s) 'music_processing' retrieved from /opt/airflow/dags/music_processing_dag.py
[2026-05-21T09:52:49.993+0000] {logging_mixin.py:188} INFO - [2026-05-21T09:52:49.993+0000] {dag.py:3036} INFO - Sync 1 DAGs
[2026-05-21T09:52:50.000+0000] {logging_mixin.py:188} INFO - [2026-05-21T09:52:50.000+0000] {dag.py:3823} INFO - Setting next_dagrun for music_processing to None, run_after=None
[2026-05-21T09:52:50.013+0000] {processor.py:183} INFO - Processing /opt/airflow/dags/music_processing_dag.py took 0.060 seconds
[2026-05-21T09:53:20.174+0000] {processor.py:161} INFO - Started process (PID=205) to work on /opt/airflow/dags/music_processing_dag.py
[2026-05-21T09:53:20.175+0000] {processor.py:830} INFO - Processing file /opt/airflow/dags/music_processing_dag.py for tasks to queue
[2026-05-21T09:53:20.176+0000] {logging_mixin.py:188} INFO - [2026-05-21T09:53:20.176+0000] {dagbag.py:538} INFO - Filling up the DagBag from /opt/airflow/dags/music_processing_dag.py
[2026-05-21T09:53:20.188+0000] {processor.py:840} INFO - DAG(s) 'music_processing' retrieved from /opt/airflow/dags/music_processing_dag.py
[2026-05-21T09:53:20.214+0000] {logging_mixin.py:188} INFO - [2026-05-21T09:53:20.213+0000] {dag.py:3036} INFO - Sync 1 DAGs
[2026-05-21T09:53:20.221+0000] {logging_mixin.py:188} INFO - [2026-05-21T09:53:20.221+0000] {dag.py:3823} INFO - Setting next_dagrun for music_processing to None, run_after=None
[2026-05-21T09:53:20.235+0000] {processor.py:183} INFO - Processing /opt/airflow/dags/music_processing_dag.py took 0.064 seconds
[2026-05-21T09:53:50.471+0000] {processor.py:161} INFO - Started process (PID=206) to work on /opt/airflow/dags/music_processing_dag.py
[2026-05-21T09:53:50.472+0000] {processor.py:830} INFO - Processing file /opt/airflow/dags/music_processing_dag.py for tasks to queue
[2026-05-21T09:53:50.474+0000] {logging_mixin.py:188} INFO - [2026-05-21T09:53:50.473+0000] {dagbag.py:538} INFO - Filling up the DagBag from /opt/airflow/dags/music_processing_dag.py
[2026-05-21T09:53:50.488+0000] {processor.py:840} INFO - DAG(s) 'music_processing' retrieved from /opt/airflow/dags/music_processing_dag.py
[2026-05-21T09:53:50.520+0000] {logging_mixin.py:188} INFO - [2026-05-21T09:53:50.519+0000] {dag.py:3036} INFO - Sync 1 DAGs
[2026-05-21T09:53:50.529+0000] {logging_mixin.py:188} INFO - [2026-05-21T09:53:50.528+0000] {dag.py:3823} INFO - Setting next_dagrun for music_processing to None, run_after=None
[2026-05-21T09:53:50.542+0000] {processor.py:183} INFO - Processing /opt/airflow/dags/music_processing_dag.py took 0.073 seconds
[2026-05-21T09:54:20.661+0000] {processor.py:161} INFO - Started process (PID=207) to work on /opt/airflow/dags/music_processing_dag.py
[2026-05-21T09:54:20.661+0000] {processor.py:830} INFO - Processing file /opt/airflow/dags/music_processing_dag.py for tasks to queue
[2026-05-21T09:54:20.663+0000] {logging_mixin.py:188} INFO - [2026-05-21T09:54:20.662+0000] {dagbag.py:538} INFO - Filling up the DagBag from /opt/airflow/dags/music_processing_dag.py
[2026-05-21T09:54:20.677+0000] {processor.py:840} INFO - DAG(s) 'music_processing' retrieved from /opt/airflow/dags/music_processing_dag.py
[2026-05-21T09:54:20.703+0000] {logging_mixin.py:188} INFO - [2026-05-21T09:54:20.702+0000] {dag.py:3036} INFO - Sync 1 DAGs
[2026-05-21T09:54:20.711+0000] {logging_mixin.py:188} INFO - [2026-05-21T09:54:20.711+0000] {dag.py:3823} INFO - Setting next_dagrun for music_processing to None, run_after=None
[2026-05-21T09:54:20.725+0000] {processor.py:183} INFO - Processing /opt/airflow/dags/music_processing_dag.py took 0.066 seconds
[2026-05-21T09:54:50.967+0000] {processor.py:161} INFO - Started process (PID=208) to work on /opt/airflow/dags/music_processing_dag.py
[2026-05-21T09:54:50.968+0000] {processor.py:830} INFO - Processing file /opt/airflow/dags/music_processing_dag.py for tasks to queue
[2026-05-21T09:54:50.969+0000] {logging_mixin.py:188} INFO - [2026-05-21T09:54:50.969+0000] {dagbag.py:538} INFO - Filling up the DagBag from /opt/airflow/dags/music_processing_dag.py
[2026-05-21T09:54:50.983+0000] {processor.py:840} INFO - DAG(s) 'music_processing' retrieved from /opt/airflow/dags/music_processing_dag.py
[2026-05-21T09:54:51.009+0000] {logging_mixin.py:188} INFO - [2026-05-21T09:54:51.008+0000] {dag.py:3036} INFO - Sync 1 DAGs
[2026-05-21T09:54:51.017+0000] {logging_mixin.py:188} INFO - [2026-05-21T09:54:51.017+0000] {dag.py:3823} INFO - Setting next_dagrun for music_processing to None, run_after=None
[2026-05-21T09:54:51.029+0000] {processor.py:183} INFO - Processing /opt/airflow/dags/music_processing_dag.py took 0.064 seconds
[2026-05-21T09:55:21.222+0000] {processor.py:161} INFO - Started process (PID=209) to work on /opt/airflow/dags/music_processing_dag.py
[2026-05-21T09:55:21.223+0000] {processor.py:830} INFO - Processing file /opt/airflow/dags/music_processing_dag.py for tasks to queue
[2026-05-21T09:55:21.224+0000] {logging_mixin.py:188} INFO - [2026-05-21T09:55:21.224+0000] {dagbag.py:538} INFO - Filling up the DagBag from /opt/airflow/dags/music_processing_dag.py
[2026-05-21T09:55:21.240+0000] {processor.py:840} INFO - DAG(s) 'music_processing' retrieved from /opt/airflow/dags/music_processing_dag.py
[2026-05-21T09:55:21.272+0000] {logging_mixin.py:188} INFO - [2026-05-21T09:55:21.272+0000] {dag.py:3036} INFO - Sync 1 DAGs
[2026-05-21T09:55:21.281+0000] {logging_mixin.py:188} INFO - [2026-05-21T09:55:21.281+0000] {dag.py:3823} INFO - Setting next_dagrun for music_processing to None, run_after=None
[2026-05-21T09:55:21.294+0000] {processor.py:183} INFO - Processing /opt/airflow/dags/music_processing_dag.py took 0.076 seconds
[2026-05-21T09:55:51.428+0000] {processor.py:161} INFO - Started process (PID=210) to work on /opt/airflow/dags/music_processing_dag.py
[2026-05-21T09:55:51.429+0000] {processor.py:830} INFO - Processing file /opt/airflow/dags/music_processing_dag.py for tasks to queue
[2026-05-21T09:55:51.431+0000] {logging_mixin.py:188} INFO - [2026-05-21T09:55:51.431+0000] {dagbag.py:538} INFO - Filling up the DagBag from /opt/airflow/dags/music_processing_dag.py
[2026-05-21T09:55:51.443+0000] {processor.py:840} INFO - DAG(s) 'music_processing' retrieved from /opt/airflow/dags/music_processing_dag.py
[2026-05-21T09:55:51.467+0000] {logging_mixin.py:188} INFO - [2026-05-21T09:55:51.467+0000] {dag.py:3036} INFO - Sync 1 DAGs
[2026-05-21T09:55:51.476+0000] {logging_mixin.py:188} INFO - [2026-05-21T09:55:51.476+0000] {dag.py:3823} INFO - Setting next_dagrun for music_processing to None, run_after=None
[2026-05-21T09:55:51.490+0000] {processor.py:183} INFO - Processing /opt/airflow/dags/music_processing_dag.py took 0.065 seconds
[2026-05-21T09:56:21.749+0000] {processor.py:161} INFO - Started process (PID=211) to work on /opt/airflow/dags/music_processing_dag.py
[2026-05-21T09:56:21.750+0000] {processor.py:830} INFO - Processing file /opt/airflow/dags/music_processing_dag.py for tasks to queue
[2026-05-21T09:56:21.751+0000] {logging_mixin.py:188} INFO - [2026-05-21T09:56:21.751+0000] {dagbag.py:538} INFO - Filling up the DagBag from /opt/airflow/dags/music_processing_dag.py
[2026-05-21T09:56:21.764+0000] {processor.py:840} INFO - DAG(s) 'music_processing' retrieved from /opt/airflow/dags/music_processing_dag.py
[2026-05-21T09:56:21.788+0000] {logging_mixin.py:188} INFO - [2026-05-21T09:56:21.788+0000] {dag.py:3036} INFO - Sync 1 DAGs
[2026-05-21T09:56:21.795+0000] {logging_mixin.py:188} INFO - [2026-05-21T09:56:21.795+0000] {dag.py:3823} INFO - Setting next_dagrun for music_processing to None, run_after=None
[2026-05-21T09:56:21.807+0000] {processor.py:183} INFO - Processing /opt/airflow/dags/music_processing_dag.py took 0.060 seconds
[2026-05-21T09:56:52.038+0000] {processor.py:161} INFO - Started process (PID=212) to work on /opt/airflow/dags/music_processing_dag.py
[2026-05-21T09:56:52.038+0000] {processor.py:830} INFO - Processing file /opt/airflow/dags/music_processing_dag.py for tasks to queue
[2026-05-21T09:56:52.040+0000] {logging_mixin.py:188} INFO - [2026-05-21T09:56:52.040+0000] {dagbag.py:538} INFO - Filling up the DagBag from /opt/airflow/dags/music_processing_dag.py
[2026-05-21T09:56:52.054+0000] {processor.py:840} INFO - DAG(s) 'music_processing' retrieved from /opt/airflow/dags/music_processing_dag.py
[2026-05-21T09:56:52.080+0000] {logging_mixin.py:188} INFO - [2026-05-21T09:56:52.080+0000] {dag.py:3036} INFO - Sync 1 DAGs
[2026-05-21T09:56:52.089+0000] {logging_mixin.py:188} INFO - [2026-05-21T09:56:52.089+0000] {dag.py:3823} INFO - Setting next_dagrun for music_processing to None, run_after=None
[2026-05-21T09:56:52.103+0000] {processor.py:183} INFO - Processing /opt/airflow/dags/music_processing_dag.py took 0.067 seconds
[2026-05-21T09:57:22.320+0000] {processor.py:161} INFO - Started process (PID=213) to work on /opt/airflow/dags/music_processing_dag.py
[2026-05-21T09:57:22.320+0000] {processor.py:830} INFO - Processing file /opt/airflow/dags/music_processing_dag.py for tasks to queue
[2026-05-21T09:57:22.322+0000] {logging_mixin.py:188} INFO - [2026-05-21T09:57:22.321+0000] {dagbag.py:538} INFO - Filling up the DagBag from /opt/airflow/dags/music_processing_dag.py
[2026-05-21T09:57:22.336+0000] {processor.py:840} INFO - DAG(s) 'music_processing' retrieved from /opt/airflow/dags/music_processing_dag.py
[2026-05-21T09:57:22.358+0000] {logging_mixin.py:188} INFO - [2026-05-21T09:57:22.358+0000] {dag.py:3036} INFO - Sync 1 DAGs
[2026-05-21T09:57:22.365+0000] {logging_mixin.py:188} INFO - [2026-05-21T09:57:22.365+0000] {dag.py:3823} INFO - Setting next_dagrun for music_processing to None, run_after=None
[2026-05-21T09:57:22.377+0000] {processor.py:183} INFO - Processing /opt/airflow/dags/music_processing_dag.py took 0.059 seconds
[2026-05-21T09:57:52.548+0000] {processor.py:161} INFO - Started process (PID=214) to work on /opt/airflow/dags/music_processing_dag.py
[2026-05-21T09:57:52.549+0000] {processor.py:830} INFO - Processing file /opt/airflow/dags/music_processing_dag.py for tasks to queue
[2026-05-21T09:57:52.550+0000] {logging_mixin.py:188} INFO - [2026-05-21T09:57:52.550+0000] {dagbag.py:538} INFO - Filling up the DagBag from /opt/airflow/dags/music_processing_dag.py
[2026-05-21T09:57:52.564+0000] {processor.py:840} INFO - DAG(s) 'music_processing' retrieved from /opt/airflow/dags/music_processing_dag.py
[2026-05-21T09:57:52.588+0000] {logging_mixin.py:188} INFO - [2026-05-21T09:57:52.588+0000] {dag.py:3036} INFO - Sync 1 DAGs
[2026-05-21T09:57:52.595+0000] {logging_mixin.py:188} INFO - [2026-05-21T09:57:52.595+0000] {dag.py:3823} INFO - Setting next_dagrun for music_processing to None, run_after=None
[2026-05-21T09:57:52.611+0000] {processor.py:183} INFO - Processing /opt/airflow/dags/music_processing_dag.py took 0.065 seconds
[2026-05-21T09:58:22.870+0000] {processor.py:161} INFO - Started process (PID=215) to work on /opt/airflow/dags/music_processing_dag.py
[2026-05-21T09:58:22.871+0000] {processor.py:830} INFO - Processing file /opt/airflow/dags/music_processing_dag.py for tasks to queue
[2026-05-21T09:58:22.872+0000] {logging_mixin.py:188} INFO - [2026-05-21T09:58:22.872+0000] {dagbag.py:538} INFO - Filling up the DagBag from /opt/airflow/dags/music_processing_dag.py
[2026-05-21T09:58:22.884+0000] {processor.py:840} INFO - DAG(s) 'music_processing' retrieved from /opt/airflow/dags/music_processing_dag.py
[2026-05-21T09:58:22.907+0000] {logging_mixin.py:188} INFO - [2026-05-21T09:58:22.907+0000] {dag.py:3036} INFO - Sync 1 DAGs
[2026-05-21T09:58:22.915+0000] {logging_mixin.py:188} INFO - [2026-05-21T09:58:22.915+0000] {dag.py:3823} INFO - Setting next_dagrun for music_processing to None, run_after=None
[2026-05-21T09:58:22.927+0000] {processor.py:183} INFO - Processing /opt/airflow/dags/music_processing_dag.py took 0.061 seconds
[2026-05-21T09:58:53.134+0000] {processor.py:161} INFO - Started process (PID=216) to work on /opt/airflow/dags/music_processing_dag.py
[2026-05-21T09:58:53.134+0000] {processor.py:830} INFO - Processing file /opt/airflow/dags/music_processing_dag.py for tasks to queue
[2026-05-21T09:58:53.136+0000] {logging_mixin.py:188} INFO - [2026-05-21T09:58:53.136+0000] {dagbag.py:538} INFO - Filling up the DagBag from /opt/airflow/dags/music_processing_dag.py
[2026-05-21T09:58:53.150+0000] {processor.py:840} INFO - DAG(s) 'music_processing' retrieved from /opt/airflow/dags/music_processing_dag.py
[2026-05-21T09:58:53.174+0000] {logging_mixin.py:188} INFO - [2026-05-21T09:58:53.174+0000] {dag.py:3036} INFO - Sync 1 DAGs
[2026-05-21T09:58:53.182+0000] {logging_mixin.py:188} INFO - [2026-05-21T09:58:53.181+0000] {dag.py:3823} INFO - Setting next_dagrun for music_processing to None, run_after=None
[2026-05-21T09:58:53.195+0000] {processor.py:183} INFO - Processing /opt/airflow/dags/music_processing_dag.py took 0.064 seconds
[2026-05-21T09:59:23.363+0000] {processor.py:161} INFO - Started process (PID=217) to work on /opt/airflow/dags/music_processing_dag.py
[2026-05-21T09:59:23.364+0000] {processor.py:830} INFO - Processing file /opt/airflow/dags/music_processing_dag.py for tasks to queue
[2026-05-21T09:59:23.366+0000] {logging_mixin.py:188} INFO - [2026-05-21T09:59:23.366+0000] {dagbag.py:538} INFO - Filling up the DagBag from /opt/airflow/dags/music_processing_dag.py
[2026-05-21T09:59:23.383+0000] {processor.py:840} INFO - DAG(s) 'music_processing' retrieved from /opt/airflow/dags/music_processing_dag.py
[2026-05-21T09:59:23.409+0000] {logging_mixin.py:188} INFO - [2026-05-21T09:59:23.409+0000] {dag.py:3036} INFO - Sync 1 DAGs
[2026-05-21T09:59:23.419+0000] {logging_mixin.py:188} INFO - [2026-05-21T09:59:23.419+0000] {dag.py:3823} INFO - Setting next_dagrun for music_processing to None, run_after=None
[2026-05-21T09:59:23.434+0000] {processor.py:183} INFO - Processing /opt/airflow/dags/music_processing_dag.py took 0.075 seconds
[2026-05-21T09:59:53.637+0000] {processor.py:161} INFO - Started process (PID=218) to work on /opt/airflow/dags/music_processing_dag.py
[2026-05-21T09:59:53.637+0000] {processor.py:830} INFO - Processing file /opt/airflow/dags/music_processing_dag.py for tasks to queue
[2026-05-21T09:59:53.639+0000] {logging_mixin.py:188} INFO - [2026-05-21T09:59:53.639+0000] {dagbag.py:538} INFO - Filling up the DagBag from /opt/airflow/dags/music_processing_dag.py
[2026-05-21T09:59:53.649+0000] {processor.py:840} INFO - DAG(s) 'music_processing' retrieved from /opt/airflow/dags/music_processing_dag.py
[2026-05-21T09:59:53.672+0000] {logging_mixin.py:188} INFO - [2026-05-21T09:59:53.672+0000] {dag.py:3036} INFO - Sync 1 DAGs
[2026-05-21T09:59:53.681+0000] {logging_mixin.py:188} INFO - [2026-05-21T09:59:53.681+0000] {dag.py:3823} INFO - Setting next_dagrun for music_processing to None, run_after=None
[2026-05-21T09:59:53.693+0000] {processor.py:183} INFO - Processing /opt/airflow/dags/music_processing_dag.py took 0.058 seconds
[2026-05-21T10:00:23.920+0000] {processor.py:161} INFO - Started process (PID=219) to work on /opt/airflow/dags/music_processing_dag.py
[2026-05-21T10:00:23.920+0000] {processor.py:830} INFO - Processing file /opt/airflow/dags/music_processing_dag.py for tasks to queue
[2026-05-21T10:00:23.922+0000] {logging_mixin.py:188} INFO - [2026-05-21T10:00:23.922+0000] {dagbag.py:538} INFO - Filling up the DagBag from /opt/airflow/dags/music_processing_dag.py
[2026-05-21T10:00:23.934+0000] {processor.py:840} INFO - DAG(s) 'music_processing' retrieved from /opt/airflow/dags/music_processing_dag.py
[2026-05-21T10:00:23.956+0000] {logging_mixin.py:188} INFO - [2026-05-21T10:00:23.956+0000] {dag.py:3036} INFO - Sync 1 DAGs
[2026-05-21T10:00:23.964+0000] {logging_mixin.py:188} INFO - [2026-05-21T10:00:23.964+0000] {dag.py:3823} INFO - Setting next_dagrun for music_processing to None, run_after=None
[2026-05-21T10:00:23.976+0000] {processor.py:183} INFO - Processing /opt/airflow/dags/music_processing_dag.py took 0.058 seconds
[2026-05-21T10:00:54.186+0000] {processor.py:161} INFO - Started process (PID=220) to work on /opt/airflow/dags/music_processing_dag.py
[2026-05-21T10:00:54.187+0000] {processor.py:830} INFO - Processing file /opt/airflow/dags/music_processing_dag.py for tasks to queue
[2026-05-21T10:00:54.189+0000] {logging_mixin.py:188} INFO - [2026-05-21T10:00:54.189+0000] {dagbag.py:538} INFO - Filling up the DagBag from /opt/airflow/dags/music_processing_dag.py
[2026-05-21T10:00:54.201+0000] {processor.py:840} INFO - DAG(s) 'music_processing' retrieved from /opt/airflow/dags/music_processing_dag.py
[2026-05-21T10:00:54.227+0000] {logging_mixin.py:188} INFO - [2026-05-21T10:00:54.227+0000] {dag.py:3036} INFO - Sync 1 DAGs
[2026-05-21T10:00:54.236+0000] {logging_mixin.py:188} INFO - [2026-05-21T10:00:54.236+0000] {dag.py:3823} INFO - Setting next_dagrun for music_processing to None, run_after=None
[2026-05-21T10:00:54.250+0000] {processor.py:183} INFO - Processing /opt/airflow/dags/music_processing_dag.py took 0.067 seconds
[2026-05-21T10:01:24.498+0000] {processor.py:161} INFO - Started process (PID=221) to work on /opt/airflow/dags/music_processing_dag.py
[2026-05-21T10:01:24.499+0000] {processor.py:830} INFO - Processing file /opt/airflow/dags/music_processing_dag.py for tasks to queue
[2026-05-21T10:01:24.501+0000] {logging_mixin.py:188} INFO - [2026-05-21T10:01:24.500+0000] {dagbag.py:538} INFO - Filling up the DagBag from /opt/airflow/dags/music_processing_dag.py
[2026-05-21T10:01:24.515+0000] {processor.py:840} INFO - DAG(s) 'music_processing' retrieved from /opt/airflow/dags/music_processing_dag.py
[2026-05-21T10:01:24.541+0000] {logging_mixin.py:188} INFO - [2026-05-21T10:01:24.541+0000] {dag.py:3036} INFO - Sync 1 DAGs
[2026-05-21T10:01:24.549+0000] {logging_mixin.py:188} INFO - [2026-05-21T10:01:24.549+0000] {dag.py:3823} INFO - Setting next_dagrun for music_processing to None, run_after=None
[2026-05-21T10:01:24.560+0000] {processor.py:183} INFO - Processing /opt/airflow/dags/music_processing_dag.py took 0.064 seconds
[2026-05-21T10:01:54.833+0000] {processor.py:161} INFO - Started process (PID=222) to work on /opt/airflow/dags/music_processing_dag.py
[2026-05-21T10:01:54.834+0000] {processor.py:830} INFO - Processing file /opt/airflow/dags/music_processing_dag.py for tasks to queue
[2026-05-21T10:01:54.835+0000] {logging_mixin.py:188} INFO - [2026-05-21T10:01:54.835+0000] {dagbag.py:538} INFO - Filling up the DagBag from /opt/airflow/dags/music_processing_dag.py
[2026-05-21T10:01:54.848+0000] {processor.py:840} INFO - DAG(s) 'music_processing' retrieved from /opt/airflow/dags/music_processing_dag.py
[2026-05-21T10:01:54.873+0000] {logging_mixin.py:188} INFO - [2026-05-21T10:01:54.873+0000] {dag.py:3036} INFO - Sync 1 DAGs
[2026-05-21T10:01:54.882+0000] {logging_mixin.py:188} INFO - [2026-05-21T10:01:54.882+0000] {dag.py:3823} INFO - Setting next_dagrun for music_processing to None, run_after=None
[2026-05-21T10:01:54.895+0000] {processor.py:183} INFO - Processing /opt/airflow/dags/music_processing_dag.py took 0.064 seconds
[2026-05-21T10:02:25.092+0000] {processor.py:161} INFO - Started process (PID=223) to work on /opt/airflow/dags/music_processing_dag.py
[2026-05-21T10:02:25.093+0000] {processor.py:830} INFO - Processing file /opt/airflow/dags/music_processing_dag.py for tasks to queue
[2026-05-21T10:02:25.094+0000] {logging_mixin.py:188} INFO - [2026-05-21T10:02:25.094+0000] {dagbag.py:538} INFO - Filling up the DagBag from /opt/airflow/dags/music_processing_dag.py
[2026-05-21T10:02:25.105+0000] {processor.py:840} INFO - DAG(s) 'music_processing' retrieved from /opt/airflow/dags/music_processing_dag.py
[2026-05-21T10:02:25.128+0000] {logging_mixin.py:188} INFO - [2026-05-21T10:02:25.128+0000] {dag.py:3036} INFO - Sync 1 DAGs
[2026-05-21T10:02:25.135+0000] {logging_mixin.py:188} INFO - [2026-05-21T10:02:25.135+0000] {dag.py:3823} INFO - Setting next_dagrun for music_processing to None, run_after=None
[2026-05-21T10:02:25.147+0000] {processor.py:183} INFO - Processing /opt/airflow/dags/music_processing_dag.py took 0.058 seconds
[2026-05-21T10:02:55.362+0000] {processor.py:161} INFO - Started process (PID=224) to work on /opt/airflow/dags/music_processing_dag.py
[2026-05-21T10:02:55.363+0000] {processor.py:830} INFO - Processing file /opt/airflow/dags/music_processing_dag.py for tasks to queue
[2026-05-21T10:02:55.364+0000] {logging_mixin.py:188} INFO - [2026-05-21T10:02:55.364+0000] {dagbag.py:538} INFO - Filling up the DagBag from /opt/airflow/dags/music_processing_dag.py
[2026-05-21T10:02:55.379+0000] {processor.py:840} INFO - DAG(s) 'music_processing' retrieved from /opt/airflow/dags/music_processing_dag.py
[2026-05-21T10:02:55.405+0000] {logging_mixin.py:188} INFO - [2026-05-21T10:02:55.404+0000] {dag.py:3036} INFO - Sync 1 DAGs
[2026-05-21T10:02:55.418+0000] {logging_mixin.py:188} INFO - [2026-05-21T10:02:55.418+0000] {dag.py:3823} INFO - Setting next_dagrun for music_processing to None, run_after=None
[2026-05-21T10:02:55.433+0000] {processor.py:183} INFO - Processing /opt/airflow/dags/music_processing_dag.py took 0.073 seconds
[2026-05-21T10:03:25.672+0000] {processor.py:161} INFO - Started process (PID=225) to work on /opt/airflow/dags/music_processing_dag.py
[2026-05-21T10:03:25.673+0000] {processor.py:830} INFO - Processing file /opt/airflow/dags/music_processing_dag.py for tasks to queue
[2026-05-21T10:03:25.675+0000] {logging_mixin.py:188} INFO - [2026-05-21T10:03:25.675+0000] {dagbag.py:538} INFO - Filling up the DagBag from /opt/airflow/dags/music_processing_dag.py
[2026-05-21T10:03:25.695+0000] {processor.py:840} INFO - DAG(s) 'music_processing' retrieved from /opt/airflow/dags/music_processing_dag.py
[2026-05-21T10:03:25.724+0000] {logging_mixin.py:188} INFO - [2026-05-21T10:03:25.724+0000] {dag.py:3036} INFO - Sync 1 DAGs
[2026-05-21T10:03:25.734+0000] {logging_mixin.py:188} INFO - [2026-05-21T10:03:25.733+0000] {dag.py:3823} INFO - Setting next_dagrun for music_processing to None, run_after=None
[2026-05-21T10:03:25.749+0000] {processor.py:183} INFO - Processing /opt/airflow/dags/music_processing_dag.py took 0.081 seconds
[2026-05-21T10:03:55.809+0000] {processor.py:161} INFO - Started process (PID=226) to work on /opt/airflow/dags/music_processing_dag.py
[2026-05-21T10:03:55.810+0000] {processor.py:830} INFO - Processing file /opt/airflow/dags/music_processing_dag.py for tasks to queue
[2026-05-21T10:03:55.811+0000] {logging_mixin.py:188} INFO - [2026-05-21T10:03:55.811+0000] {dagbag.py:538} INFO - Filling up the DagBag from /opt/airflow/dags/music_processing_dag.py
[2026-05-21T10:03:55.822+0000] {processor.py:840} INFO - DAG(s) 'music_processing' retrieved from /opt/airflow/dags/music_processing_dag.py
[2026-05-21T10:03:55.850+0000] {logging_mixin.py:188} INFO - [2026-05-21T10:03:55.850+0000] {dag.py:3036} INFO - Sync 1 DAGs
[2026-05-21T10:03:55.858+0000] {logging_mixin.py:188} INFO - [2026-05-21T10:03:55.858+0000] {dag.py:3823} INFO - Setting next_dagrun for music_processing to None, run_after=None
[2026-05-21T10:03:55.871+0000] {processor.py:183} INFO - Processing /opt/airflow/dags/music_processing_dag.py took 0.065 seconds
[2026-05-21T10:04:26.060+0000] {processor.py:161} INFO - Started process (PID=227) to work on /opt/airflow/dags/music_processing_dag.py
[2026-05-21T10:04:26.061+0000] {processor.py:830} INFO - Processing file /opt/airflow/dags/music_processing_dag.py for tasks to queue
[2026-05-21T10:04:26.062+0000] {logging_mixin.py:188} INFO - [2026-05-21T10:04:26.062+0000] {dagbag.py:538} INFO - Filling up the DagBag from /opt/airflow/dags/music_processing_dag.py
[2026-05-21T10:04:26.074+0000] {processor.py:840} INFO - DAG(s) 'music_processing' retrieved from /opt/airflow/dags/music_processing_dag.py
[2026-05-21T10:04:26.099+0000] {logging_mixin.py:188} INFO - [2026-05-21T10:04:26.098+0000] {dag.py:3036} INFO - Sync 1 DAGs
[2026-05-21T10:04:26.107+0000] {logging_mixin.py:188} INFO - [2026-05-21T10:04:26.106+0000] {dag.py:3823} INFO - Setting next_dagrun for music_processing to None, run_after=None
[2026-05-21T10:04:26.121+0000] {processor.py:183} INFO - Processing /opt/airflow/dags/music_processing_dag.py took 0.063 seconds
[2026-05-21T10:04:56.244+0000] {processor.py:161} INFO - Started process (PID=228) to work on /opt/airflow/dags/music_processing_dag.py
[2026-05-21T10:04:56.244+0000] {processor.py:830} INFO - Processing file /opt/airflow/dags/music_processing_dag.py for tasks to queue
[2026-05-21T10:04:56.245+0000] {logging_mixin.py:188} INFO - [2026-05-21T10:04:56.245+0000] {dagbag.py:538} INFO - Filling up the DagBag from /opt/airflow/dags/music_processing_dag.py
[2026-05-21T10:04:56.258+0000] {processor.py:840} INFO - DAG(s) 'music_processing' retrieved from /opt/airflow/dags/music_processing_dag.py
[2026-05-21T10:04:56.282+0000] {logging_mixin.py:188} INFO - [2026-05-21T10:04:56.282+0000] {dag.py:3036} INFO - Sync 1 DAGs
[2026-05-21T10:04:56.289+0000] {logging_mixin.py:188} INFO - [2026-05-21T10:04:56.289+0000] {dag.py:3823} INFO - Setting next_dagrun for music_processing to None, run_after=None
[2026-05-21T10:04:56.303+0000] {processor.py:183} INFO - Processing /opt/airflow/dags/music_processing_dag.py took 0.062 seconds
[2026-05-21T10:05:26.626+0000] {processor.py:161} INFO - Started process (PID=229) to work on /opt/airflow/dags/music_processing_dag.py
[2026-05-21T10:05:26.627+0000] {processor.py:830} INFO - Processing file /opt/airflow/dags/music_processing_dag.py for tasks to queue
[2026-05-21T10:05:26.628+0000] {logging_mixin.py:188} INFO - [2026-05-21T10:05:26.628+0000] {dagbag.py:538} INFO - Filling up the DagBag from /opt/airflow/dags/music_processing_dag.py
[2026-05-21T10:05:26.641+0000] {processor.py:840} INFO - DAG(s) 'music_processing' retrieved from /opt/airflow/dags/music_processing_dag.py
[2026-05-21T10:05:26.665+0000] {logging_mixin.py:188} INFO - [2026-05-21T10:05:26.665+0000] {dag.py:3036} INFO - Sync 1 DAGs
[2026-05-21T10:05:26.673+0000] {logging_mixin.py:188} INFO - [2026-05-21T10:05:26.672+0000] {dag.py:3823} INFO - Setting next_dagrun for music_processing to None, run_after=None
[2026-05-21T10:05:26.685+0000] {processor.py:183} INFO - Processing /opt/airflow/dags/music_processing_dag.py took 0.062 seconds
[2026-05-21T10:05:56.994+0000] {processor.py:161} INFO - Started process (PID=230) to work on /opt/airflow/dags/music_processing_dag.py
[2026-05-21T10:05:56.995+0000] {processor.py:830} INFO - Processing file /opt/airflow/dags/music_processing_dag.py for tasks to queue
[2026-05-21T10:05:56.996+0000] {logging_mixin.py:188} INFO - [2026-05-21T10:05:56.996+0000] {dagbag.py:538} INFO - Filling up the DagBag from /opt/airflow/dags/music_processing_dag.py
[2026-05-21T10:05:57.007+0000] {processor.py:840} INFO - DAG(s) 'music_processing' retrieved from /opt/airflow/dags/music_processing_dag.py
[2026-05-21T10:05:57.029+0000] {logging_mixin.py:188} INFO - [2026-05-21T10:05:57.029+0000] {dag.py:3036} INFO - Sync 1 DAGs
[2026-05-21T10:05:57.036+0000] {logging_mixin.py:188} INFO - [2026-05-21T10:05:57.036+0000] {dag.py:3823} INFO - Setting next_dagrun for music_processing to None, run_after=None
[2026-05-21T10:05:57.047+0000] {processor.py:183} INFO - Processing /opt/airflow/dags/music_processing_dag.py took 0.056 seconds
[2026-05-21T10:06:27.246+0000] {processor.py:161} INFO - Started process (PID=231) to work on /opt/airflow/dags/music_processing_dag.py
[2026-05-21T10:06:27.247+0000] {processor.py:830} INFO - Processing file /opt/airflow/dags/music_processing_dag.py for tasks to queue
[2026-05-21T10:06:27.248+0000] {logging_mixin.py:188} INFO - [2026-05-21T10:06:27.248+0000] {dagbag.py:538} INFO - Filling up the DagBag from /opt/airflow/dags/music_processing_dag.py
[2026-05-21T10:06:27.261+0000] {processor.py:840} INFO - DAG(s) 'music_processing' retrieved from /opt/airflow/dags/music_processing_dag.py
[2026-05-21T10:06:27.284+0000] {logging_mixin.py:188} INFO - [2026-05-21T10:06:27.284+0000] {dag.py:3036} INFO - Sync 1 DAGs
[2026-05-21T10:06:27.291+0000] {logging_mixin.py:188} INFO - [2026-05-21T10:06:27.291+0000] {dag.py:3823} INFO - Setting next_dagrun for music_processing to None, run_after=None
[2026-05-21T10:06:27.302+0000] {processor.py:183} INFO - Processing /opt/airflow/dags/music_processing_dag.py took 0.058 seconds
[2026-05-21T10:06:57.490+0000] {processor.py:161} INFO - Started process (PID=232) to work on /opt/airflow/dags/music_processing_dag.py
[2026-05-21T10:06:57.491+0000] {processor.py:830} INFO - Processing file /opt/airflow/dags/music_processing_dag.py for tasks to queue
[2026-05-21T10:06:57.492+0000] {logging_mixin.py:188} INFO - [2026-05-21T10:06:57.492+0000] {dagbag.py:538} INFO - Filling up the DagBag from /opt/airflow/dags/music_processing_dag.py
[2026-05-21T10:06:57.507+0000] {processor.py:840} INFO - DAG(s) 'music_processing' retrieved from /opt/airflow/dags/music_processing_dag.py
[2026-05-21T10:06:57.534+0000] {logging_mixin.py:188} INFO - [2026-05-21T10:06:57.534+0000] {dag.py:3036} INFO - Sync 1 DAGs
[2026-05-21T10:06:57.543+0000] {logging_mixin.py:188} INFO - [2026-05-21T10:06:57.543+0000] {dag.py:3823} INFO - Setting next_dagrun for music_processing to None, run_after=None
[2026-05-21T10:06:57.555+0000] {processor.py:183} INFO - Processing /opt/airflow/dags/music_processing_dag.py took 0.068 seconds
[2026-05-21T10:07:27.741+0000] {processor.py:161} INFO - Started process (PID=233) to work on /opt/airflow/dags/music_processing_dag.py
[2026-05-21T10:07:27.741+0000] {processor.py:830} INFO - Processing file /opt/airflow/dags/music_processing_dag.py for tasks to queue
[2026-05-21T10:07:27.742+0000] {logging_mixin.py:188} INFO - [2026-05-21T10:07:27.742+0000] {dagbag.py:538} INFO - Filling up the DagBag from /opt/airflow/dags/music_processing_dag.py
[2026-05-21T10:07:27.755+0000] {processor.py:840} INFO - DAG(s) 'music_processing' retrieved from /opt/airflow/dags/music_processing_dag.py
[2026-05-21T10:07:27.779+0000] {logging_mixin.py:188} INFO - [2026-05-21T10:07:27.778+0000] {dag.py:3036} INFO - Sync 1 DAGs
[2026-05-21T10:07:27.786+0000] {logging_mixin.py:188} INFO - [2026-05-21T10:07:27.786+0000] {dag.py:3823} INFO - Setting next_dagrun for music_processing to None, run_after=None
[2026-05-21T10:07:27.798+0000] {processor.py:183} INFO - Processing /opt/airflow/dags/music_processing_dag.py took 0.059 seconds
[2026-05-21T10:07:57.974+0000] {processor.py:161} INFO - Started process (PID=234) to work on /opt/airflow/dags/music_processing_dag.py
[2026-05-21T10:07:57.975+0000] {processor.py:830} INFO - Processing file /opt/airflow/dags/music_processing_dag.py for tasks to queue
[2026-05-21T10:07:57.977+0000] {logging_mixin.py:188} INFO - [2026-05-21T10:07:57.977+0000] {dagbag.py:538} INFO - Filling up the DagBag from /opt/airflow/dags/music_processing_dag.py
[2026-05-21T10:07:57.997+0000] {processor.py:840} INFO - DAG(s) 'music_processing' retrieved from /opt/airflow/dags/music_processing_dag.py
[2026-05-21T10:07:58.029+0000] {logging_mixin.py:188} INFO - [2026-05-21T10:07:58.028+0000] {dag.py:3036} INFO - Sync 1 DAGs
[2026-05-21T10:07:58.038+0000] {logging_mixin.py:188} INFO - [2026-05-21T10:07:58.038+0000] {dag.py:3823} INFO - Setting next_dagrun for music_processing to None, run_after=None
[2026-05-21T10:07:58.052+0000] {processor.py:183} INFO - Processing /opt/airflow/dags/music_processing_dag.py took 0.080 seconds
[2026-05-21T10:08:28.269+0000] {processor.py:161} INFO - Started process (PID=235) to work on /opt/airflow/dags/music_processing_dag.py
[2026-05-21T10:08:28.270+0000] {processor.py:830} INFO - Processing file /opt/airflow/dags/music_processing_dag.py for tasks to queue
[2026-05-21T10:08:28.271+0000] {logging_mixin.py:188} INFO - [2026-05-21T10:08:28.271+0000] {dagbag.py:538} INFO - Filling up the DagBag from /opt/airflow/dags/music_processing_dag.py
[2026-05-21T10:08:28.283+0000] {processor.py:840} INFO - DAG(s) 'music_processing' retrieved from /opt/airflow/dags/music_processing_dag.py
[2026-05-21T10:08:28.307+0000] {logging_mixin.py:188} INFO - [2026-05-21T10:08:28.307+0000] {dag.py:3036} INFO - Sync 1 DAGs
[2026-05-21T10:08:28.314+0000] {logging_mixin.py:188} INFO - [2026-05-21T10:08:28.314+0000] {dag.py:3823} INFO - Setting next_dagrun for music_processing to None, run_after=None
[2026-05-21T10:08:28.326+0000] {processor.py:183} INFO - Processing /opt/airflow/dags/music_processing_dag.py took 0.059 seconds
[2026-05-21T10:08:58.598+0000] {processor.py:161} INFO - Started process (PID=236) to work on /opt/airflow/dags/music_processing_dag.py
[2026-05-21T10:08:58.598+0000] {processor.py:830} INFO - Processing file /opt/airflow/dags/music_processing_dag.py for tasks to queue
[2026-05-21T10:08:58.600+0000] {logging_mixin.py:188} INFO - [2026-05-21T10:08:58.599+0000] {dagbag.py:538} INFO - Filling up the DagBag from /opt/airflow/dags/music_processing_dag.py
[2026-05-21T10:08:58.613+0000] {processor.py:840} INFO - DAG(s) 'music_processing' retrieved from /opt/airflow/dags/music_processing_dag.py
[2026-05-21T10:08:58.637+0000] {logging_mixin.py:188} INFO - [2026-05-21T10:08:58.637+0000] {dag.py:3036} INFO - Sync 1 DAGs
[2026-05-21T10:08:58.649+0000] {logging_mixin.py:188} INFO - [2026-05-21T10:08:58.648+0000] {dag.py:3823} INFO - Setting next_dagrun for music_processing to None, run_after=None
[2026-05-21T10:08:58.662+0000] {processor.py:183} INFO - Processing /opt/airflow/dags/music_processing_dag.py took 0.066 seconds
[2026-05-21T10:09:28.858+0000] {processor.py:161} INFO - Started process (PID=237) to work on /opt/airflow/dags/music_processing_dag.py
[2026-05-21T10:09:28.859+0000] {processor.py:830} INFO - Processing file /opt/airflow/dags/music_processing_dag.py for tasks to queue
[2026-05-21T10:09:28.861+0000] {logging_mixin.py:188} INFO - [2026-05-21T10:09:28.861+0000] {dagbag.py:538} INFO - Filling up the DagBag from /opt/airflow/dags/music_processing_dag.py
[2026-05-21T10:09:28.875+0000] {processor.py:840} INFO - DAG(s) 'music_processing' retrieved from /opt/airflow/dags/music_processing_dag.py
[2026-05-21T10:09:28.899+0000] {logging_mixin.py:188} INFO - [2026-05-21T10:09:28.899+0000] {dag.py:3036} INFO - Sync 1 DAGs
[2026-05-21T10:09:28.908+0000] {logging_mixin.py:188} INFO - [2026-05-21T10:09:28.908+0000] {dag.py:3823} INFO - Setting next_dagrun for music_processing to None, run_after=None
[2026-05-21T10:09:28.920+0000] {processor.py:183} INFO - Processing /opt/airflow/dags/music_processing_dag.py took 0.064 seconds
[2026-05-21T10:09:59.158+0000] {processor.py:161} INFO - Started process (PID=238) to work on /opt/airflow/dags/music_processing_dag.py
[2026-05-21T10:09:59.159+0000] {processor.py:830} INFO - Processing file /opt/airflow/dags/music_processing_dag.py for tasks to queue
[2026-05-21T10:09:59.160+0000] {logging_mixin.py:188} INFO - [2026-05-21T10:09:59.160+0000] {dagbag.py:538} INFO - Filling up the DagBag from /opt/airflow/dags/music_processing_dag.py
[2026-05-21T10:09:59.173+0000] {processor.py:840} INFO - DAG(s) 'music_processing' retrieved from /opt/airflow/dags/music_processing_dag.py
[2026-05-21T10:09:59.197+0000] {logging_mixin.py:188} INFO - [2026-05-21T10:09:59.197+0000] {dag.py:3036} INFO - Sync 1 DAGs
[2026-05-21T10:09:59.205+0000] {logging_mixin.py:188} INFO - [2026-05-21T10:09:59.205+0000] {dag.py:3823} INFO - Setting next_dagrun for music_processing to None, run_after=None
[2026-05-21T10:09:59.218+0000] {processor.py:183} INFO - Processing /opt/airflow/dags/music_processing_dag.py took 0.062 seconds
[2026-05-21T10:10:29.617+0000] {processor.py:161} INFO - Started process (PID=239) to work on /opt/airflow/dags/music_processing_dag.py
[2026-05-21T10:10:29.618+0000] {processor.py:830} INFO - Processing file /opt/airflow/dags/music_processing_dag.py for tasks to queue
[2026-05-21T10:10:29.620+0000] {logging_mixin.py:188} INFO - [2026-05-21T10:10:29.619+0000] {dagbag.py:538} INFO - Filling up the DagBag from /opt/airflow/dags/music_processing_dag.py
[2026-05-21T10:10:29.635+0000] {processor.py:840} INFO - DAG(s) 'music_processing' retrieved from /opt/airflow/dags/music_processing_dag.py
[2026-05-21T10:10:29.664+0000] {logging_mixin.py:188} INFO - [2026-05-21T10:10:29.664+0000] {dag.py:3036} INFO - Sync 1 DAGs
[2026-05-21T10:10:29.672+0000] {logging_mixin.py:188} INFO - [2026-05-21T10:10:29.672+0000] {dag.py:3823} INFO - Setting next_dagrun for music_processing to None, run_after=None
[2026-05-21T10:10:29.684+0000] {processor.py:183} INFO - Processing /opt/airflow/dags/music_processing_dag.py took 0.071 seconds
[2026-05-21T10:10:59.896+0000] {processor.py:161} INFO - Started process (PID=240) to work on /opt/airflow/dags/music_processing_dag.py
[2026-05-21T10:10:59.897+0000] {processor.py:830} INFO - Processing file /opt/airflow/dags/music_processing_dag.py for tasks to queue
[2026-05-21T10:10:59.899+0000] {logging_mixin.py:188} INFO - [2026-05-21T10:10:59.899+0000] {dagbag.py:538} INFO - Filling up the DagBag from /opt/airflow/dags/music_processing_dag.py
[2026-05-21T10:10:59.914+0000] {processor.py:840} INFO - DAG(s) 'music_processing' retrieved from /opt/airflow/dags/music_processing_dag.py
[2026-05-21T10:10:59.939+0000] {logging_mixin.py:188} INFO - [2026-05-21T10:10:59.939+0000] {dag.py:3036} INFO - Sync 1 DAGs
[2026-05-21T10:10:59.947+0000] {logging_mixin.py:188} INFO - [2026-05-21T10:10:59.947+0000] {dag.py:3823} INFO - Setting next_dagrun for music_processing to None, run_after=None
[2026-05-21T10:10:59.961+0000] {processor.py:183} INFO - Processing /opt/airflow/dags/music_processing_dag.py took 0.067 seconds
[2026-05-21T10:11:30.200+0000] {processor.py:161} INFO - Started process (PID=241) to work on /opt/airflow/dags/music_processing_dag.py
[2026-05-21T10:11:30.201+0000] {processor.py:830} INFO - Processing file /opt/airflow/dags/music_processing_dag.py for tasks to queue
[2026-05-21T10:11:30.203+0000] {logging_mixin.py:188} INFO - [2026-05-21T10:11:30.202+0000] {dagbag.py:538} INFO - Filling up the DagBag from /opt/airflow/dags/music_processing_dag.py
[2026-05-21T10:11:30.218+0000] {processor.py:840} INFO - DAG(s) 'music_processing' retrieved from /opt/airflow/dags/music_processing_dag.py
[2026-05-21T10:11:30.243+0000] {logging_mixin.py:188} INFO - [2026-05-21T10:11:30.243+0000] {dag.py:3036} INFO - Sync 1 DAGs
[2026-05-21T10:11:30.252+0000] {logging_mixin.py:188} INFO - [2026-05-21T10:11:30.251+0000] {dag.py:3823} INFO - Setting next_dagrun for music_processing to None, run_after=None
[2026-05-21T10:11:30.264+0000] {processor.py:183} INFO - Processing /opt/airflow/dags/music_processing_dag.py took 0.068 seconds
[2026-05-21T10:12:00.531+0000] {processor.py:161} INFO - Started process (PID=242) to work on /opt/airflow/dags/music_processing_dag.py
[2026-05-21T10:12:00.532+0000] {processor.py:830} INFO - Processing file /opt/airflow/dags/music_processing_dag.py for tasks to queue
[2026-05-21T10:12:00.534+0000] {logging_mixin.py:188} INFO - [2026-05-21T10:12:00.534+0000] {dagbag.py:538} INFO - Filling up the DagBag from /opt/airflow/dags/music_processing_dag.py
[2026-05-21T10:12:00.547+0000] {processor.py:840} INFO - DAG(s) 'music_processing' retrieved from /opt/airflow/dags/music_processing_dag.py
[2026-05-21T10:12:00.570+0000] {logging_mixin.py:188} INFO - [2026-05-21T10:12:00.570+0000] {dag.py:3036} INFO - Sync 1 DAGs
[2026-05-21T10:12:00.580+0000] {logging_mixin.py:188} INFO - [2026-05-21T10:12:00.580+0000] {dag.py:3823} INFO - Setting next_dagrun for music_processing to None, run_after=None
[2026-05-21T10:12:00.593+0000] {processor.py:183} INFO - Processing /opt/airflow/dags/music_processing_dag.py took 0.066 seconds
[2026-05-21T10:12:30.898+0000] {processor.py:161} INFO - Started process (PID=243) to work on /opt/airflow/dags/music_processing_dag.py
[2026-05-21T10:12:30.899+0000] {processor.py:830} INFO - Processing file /opt/airflow/dags/music_processing_dag.py for tasks to queue
[2026-05-21T10:12:30.900+0000] {logging_mixin.py:188} INFO - [2026-05-21T10:12:30.900+0000] {dagbag.py:538} INFO - Filling up the DagBag from /opt/airflow/dags/music_processing_dag.py
[2026-05-21T10:12:30.913+0000] {processor.py:840} INFO - DAG(s) 'music_processing' retrieved from /opt/airflow/dags/music_processing_dag.py
[2026-05-21T10:12:30.937+0000] {logging_mixin.py:188} INFO - [2026-05-21T10:12:30.937+0000] {dag.py:3036} INFO - Sync 1 DAGs
[2026-05-21T10:12:30.945+0000] {logging_mixin.py:188} INFO - [2026-05-21T10:12:30.945+0000] {dag.py:3823} INFO - Setting next_dagrun for music_processing to None, run_after=None
[2026-05-21T10:12:30.958+0000] {processor.py:183} INFO - Processing /opt/airflow/dags/music_processing_dag.py took 0.062 seconds
[2026-05-21T10:13:01.158+0000] {processor.py:161} INFO - Started process (PID=244) to work on /opt/airflow/dags/music_processing_dag.py
[2026-05-21T10:13:01.159+0000] {processor.py:830} INFO - Processing file /opt/airflow/dags/music_processing_dag.py for tasks to queue
[2026-05-21T10:13:01.161+0000] {logging_mixin.py:188} INFO - [2026-05-21T10:13:01.161+0000] {dagbag.py:538} INFO - Filling up the DagBag from /opt/airflow/dags/music_processing_dag.py
[2026-05-21T10:13:01.176+0000] {processor.py:840} INFO - DAG(s) 'music_processing' retrieved from /opt/airflow/dags/music_processing_dag.py
[2026-05-21T10:13:01.198+0000] {logging_mixin.py:188} INFO - [2026-05-21T10:13:01.198+0000] {dag.py:3036} INFO - Sync 1 DAGs
[2026-05-21T10:13:01.206+0000] {logging_mixin.py:188} INFO - [2026-05-21T10:13:01.206+0000] {dag.py:3823} INFO - Setting next_dagrun for music_processing to None, run_after=None
[2026-05-21T10:13:01.219+0000] {processor.py:183} INFO - Processing /opt/airflow/dags/music_processing_dag.py took 0.064 seconds
[2026-05-21T10:13:31.371+0000] {processor.py:161} INFO - Started process (PID=245) to work on /opt/airflow/dags/music_processing_dag.py
[2026-05-21T10:13:31.372+0000] {processor.py:830} INFO - Processing file /opt/airflow/dags/music_processing_dag.py for tasks to queue
[2026-05-21T10:13:31.373+0000] {logging_mixin.py:188} INFO - [2026-05-21T10:13:31.373+0000] {dagbag.py:538} INFO - Filling up the DagBag from /opt/airflow/dags/music_processing_dag.py
[2026-05-21T10:13:31.385+0000] {processor.py:840} INFO - DAG(s) 'music_processing' retrieved from /opt/airflow/dags/music_processing_dag.py
[2026-05-21T10:13:31.407+0000] {logging_mixin.py:188} INFO - [2026-05-21T10:13:31.407+0000] {dag.py:3036} INFO - Sync 1 DAGs
[2026-05-21T10:13:31.415+0000] {logging_mixin.py:188} INFO - [2026-05-21T10:13:31.414+0000] {dag.py:3823} INFO - Setting next_dagrun for music_processing to None, run_after=None
[2026-05-21T10:13:31.427+0000] {processor.py:183} INFO - Processing /opt/airflow/dags/music_processing_dag.py took 0.058 seconds
[2026-05-21T10:14:01.643+0000] {processor.py:161} INFO - Started process (PID=246) to work on /opt/airflow/dags/music_processing_dag.py
[2026-05-21T10:14:01.644+0000] {processor.py:830} INFO - Processing file /opt/airflow/dags/music_processing_dag.py for tasks to queue
[2026-05-21T10:14:01.645+0000] {logging_mixin.py:188} INFO - [2026-05-21T10:14:01.645+0000] {dagbag.py:538} INFO - Filling up the DagBag from /opt/airflow/dags/music_processing_dag.py
[2026-05-21T10:14:01.655+0000] {processor.py:840} INFO - DAG(s) 'music_processing' retrieved from /opt/airflow/dags/music_processing_dag.py
[2026-05-21T10:14:01.677+0000] {logging_mixin.py:188} INFO - [2026-05-21T10:14:01.677+0000] {dag.py:3036} INFO - Sync 1 DAGs
[2026-05-21T10:14:01.685+0000] {logging_mixin.py:188} INFO - [2026-05-21T10:14:01.685+0000] {dag.py:3823} INFO - Setting next_dagrun for music_processing to None, run_after=None
[2026-05-21T10:14:01.698+0000] {processor.py:183} INFO - Processing /opt/airflow/dags/music_processing_dag.py took 0.059 seconds
[2026-05-21T10:14:31.937+0000] {processor.py:161} INFO - Started process (PID=247) to work on /opt/airflow/dags/music_processing_dag.py
[2026-05-21T10:14:31.938+0000] {processor.py:830} INFO - Processing file /opt/airflow/dags/music_processing_dag.py for tasks to queue
[2026-05-21T10:14:31.940+0000] {logging_mixin.py:188} INFO - [2026-05-21T10:14:31.939+0000] {dagbag.py:538} INFO - Filling up the DagBag from /opt/airflow/dags/music_processing_dag.py
[2026-05-21T10:14:31.954+0000] {processor.py:840} INFO - DAG(s) 'music_processing' retrieved from /opt/airflow/dags/music_processing_dag.py
[2026-05-21T10:14:31.978+0000] {logging_mixin.py:188} INFO - [2026-05-21T10:14:31.978+0000] {dag.py:3036} INFO - Sync 1 DAGs
[2026-05-21T10:14:31.986+0000] {logging_mixin.py:188} INFO - [2026-05-21T10:14:31.986+0000] {dag.py:3823} INFO - Setting next_dagrun for music_processing to None, run_after=None
[2026-05-21T10:14:32.000+0000] {processor.py:183} INFO - Processing /opt/airflow/dags/music_processing_dag.py took 0.067 seconds
[2026-05-21T10:15:02.176+0000] {processor.py:161} INFO - Started process (PID=248) to work on /opt/airflow/dags/music_processing_dag.py
[2026-05-21T10:15:02.177+0000] {processor.py:830} INFO - Processing file /opt/airflow/dags/music_processing_dag.py for tasks to queue
[2026-05-21T10:15:02.178+0000] {logging_mixin.py:188} INFO - [2026-05-21T10:15:02.178+0000] {dagbag.py:538} INFO - Filling up the DagBag from /opt/airflow/dags/music_processing_dag.py
[2026-05-21T10:15:02.191+0000] {processor.py:840} INFO - DAG(s) 'music_processing' retrieved from /opt/airflow/dags/music_processing_dag.py
[2026-05-21T10:15:02.215+0000] {logging_mixin.py:188} INFO - [2026-05-21T10:15:02.215+0000] {dag.py:3036} INFO - Sync 1 DAGs
[2026-05-21T10:15:02.222+0000] {logging_mixin.py:188} INFO - [2026-05-21T10:15:02.222+0000] {dag.py:3823} INFO - Setting next_dagrun for music_processing to None, run_after=None
[2026-05-21T10:15:02.235+0000] {processor.py:183} INFO - Processing /opt/airflow/dags/music_processing_dag.py took 0.060 seconds
[2026-05-21T10:15:32.517+0000] {processor.py:161} INFO - Started process (PID=249) to work on /opt/airflow/dags/music_processing_dag.py
[2026-05-21T10:15:32.518+0000] {processor.py:830} INFO - Processing file /opt/airflow/dags/music_processing_dag.py for tasks to queue
[2026-05-21T10:15:32.519+0000] {logging_mixin.py:188} INFO - [2026-05-21T10:15:32.519+0000] {dagbag.py:538} INFO - Filling up the DagBag from /opt/airflow/dags/music_processing_dag.py
[2026-05-21T10:15:32.531+0000] {processor.py:840} INFO - DAG(s) 'music_processing' retrieved from /opt/airflow/dags/music_processing_dag.py
[2026-05-21T10:15:32.555+0000] {logging_mixin.py:188} INFO - [2026-05-21T10:15:32.555+0000] {dag.py:3036} INFO - Sync 1 DAGs
[2026-05-21T10:15:32.563+0000] {logging_mixin.py:188} INFO - [2026-05-21T10:15:32.562+0000] {dag.py:3823} INFO - Setting next_dagrun for music_processing to None, run_after=None
[2026-05-21T10:15:32.580+0000] {processor.py:183} INFO - Processing /opt/airflow/dags/music_processing_dag.py took 0.064 seconds
[2026-05-21T10:16:02.761+0000] {processor.py:161} INFO - Started process (PID=250) to work on /opt/airflow/dags/music_processing_dag.py
[2026-05-21T10:16:02.762+0000] {processor.py:830} INFO - Processing file /opt/airflow/dags/music_processing_dag.py for tasks to queue
[2026-05-21T10:16:02.763+0000] {logging_mixin.py:188} INFO - [2026-05-21T10:16:02.763+0000] {dagbag.py:538} INFO - Filling up the DagBag from /opt/airflow/dags/music_processing_dag.py
[2026-05-21T10:16:02.780+0000] {processor.py:840} INFO - DAG(s) 'music_processing' retrieved from /opt/airflow/dags/music_processing_dag.py
[2026-05-21T10:16:02.803+0000] {logging_mixin.py:188} INFO - [2026-05-21T10:16:02.803+0000] {dag.py:3036} INFO - Sync 1 DAGs
[2026-05-21T10:16:02.810+0000] {logging_mixin.py:188} INFO - [2026-05-21T10:16:02.810+0000] {dag.py:3823} INFO - Setting next_dagrun for music_processing to None, run_after=None
[2026-05-21T10:16:02.822+0000] {processor.py:183} INFO - Processing /opt/airflow/dags/music_processing_dag.py took 0.063 seconds
[2026-05-21T10:16:32.989+0000] {processor.py:161} INFO - Started process (PID=251) to work on /opt/airflow/dags/music_processing_dag.py
[2026-05-21T10:16:32.990+0000] {processor.py:830} INFO - Processing file /opt/airflow/dags/music_processing_dag.py for tasks to queue
[2026-05-21T10:16:32.991+0000] {logging_mixin.py:188} INFO - [2026-05-21T10:16:32.991+0000] {dagbag.py:538} INFO - Filling up the DagBag from /opt/airflow/dags/music_processing_dag.py
[2026-05-21T10:16:33.002+0000] {processor.py:840} INFO - DAG(s) 'music_processing' retrieved from /opt/airflow/dags/music_processing_dag.py
[2026-05-21T10:16:33.029+0000] {logging_mixin.py:188} INFO - [2026-05-21T10:16:33.028+0000] {dag.py:3036} INFO - Sync 1 DAGs
[2026-05-21T10:16:33.037+0000] {logging_mixin.py:188} INFO - [2026-05-21T10:16:33.036+0000] {dag.py:3823} INFO - Setting next_dagrun for music_processing to None, run_after=None
[2026-05-21T10:16:33.048+0000] {processor.py:183} INFO - Processing /opt/airflow/dags/music_processing_dag.py took 0.062 seconds
[2026-05-21T10:17:03.330+0000] {processor.py:161} INFO - Started process (PID=252) to work on /opt/airflow/dags/music_processing_dag.py
[2026-05-21T10:17:03.330+0000] {processor.py:830} INFO - Processing file /opt/airflow/dags/music_processing_dag.py for tasks to queue
[2026-05-21T10:17:03.332+0000] {logging_mixin.py:188} INFO - [2026-05-21T10:17:03.331+0000] {dagbag.py:538} INFO - Filling up the DagBag from /opt/airflow/dags/music_processing_dag.py
[2026-05-21T10:17:03.346+0000] {processor.py:840} INFO - DAG(s) 'music_processing' retrieved from /opt/airflow/dags/music_processing_dag.py
[2026-05-21T10:17:03.371+0000] {logging_mixin.py:188} INFO - [2026-05-21T10:17:03.371+0000] {dag.py:3036} INFO - Sync 1 DAGs
[2026-05-21T10:17:03.379+0000] {logging_mixin.py:188} INFO - [2026-05-21T10:17:03.379+0000] {dag.py:3823} INFO - Setting next_dagrun for music_processing to None, run_after=None
[2026-05-21T10:17:03.391+0000] {processor.py:183} INFO - Processing /opt/airflow/dags/music_processing_dag.py took 0.063 seconds
[2026-05-21T10:17:33.675+0000] {processor.py:161} INFO - Started process (PID=253) to work on /opt/airflow/dags/music_processing_dag.py
[2026-05-21T10:17:33.676+0000] {processor.py:830} INFO - Processing file /opt/airflow/dags/music_processing_dag.py for tasks to queue
[2026-05-21T10:17:33.677+0000] {logging_mixin.py:188} INFO - [2026-05-21T10:17:33.677+0000] {dagbag.py:538} INFO - Filling up the DagBag from /opt/airflow/dags/music_processing_dag.py
[2026-05-21T10:17:33.689+0000] {processor.py:840} INFO - DAG(s) 'music_processing' retrieved from /opt/airflow/dags/music_processing_dag.py
[2026-05-21T10:17:33.713+0000] {logging_mixin.py:188} INFO - [2026-05-21T10:17:33.712+0000] {dag.py:3036} INFO - Sync 1 DAGs
[2026-05-21T10:17:33.720+0000] {logging_mixin.py:188} INFO - [2026-05-21T10:17:33.720+0000] {dag.py:3823} INFO - Setting next_dagrun for music_processing to None, run_after=None
[2026-05-21T10:17:33.733+0000] {processor.py:183} INFO - Processing /opt/airflow/dags/music_processing_dag.py took 0.059 seconds
[2026-05-21T10:18:04.066+0000] {processor.py:161} INFO - Started process (PID=254) to work on /opt/airflow/dags/music_processing_dag.py
[2026-05-21T10:18:04.067+0000] {processor.py:830} INFO - Processing file /opt/airflow/dags/music_processing_dag.py for tasks to queue
[2026-05-21T10:18:04.069+0000] {logging_mixin.py:188} INFO - [2026-05-21T10:18:04.069+0000] {dagbag.py:538} INFO - Filling up the DagBag from /opt/airflow/dags/music_processing_dag.py
[2026-05-21T10:18:04.084+0000] {processor.py:840} INFO - DAG(s) 'music_processing' retrieved from /opt/airflow/dags/music_processing_dag.py
[2026-05-21T10:18:04.107+0000] {logging_mixin.py:188} INFO - [2026-05-21T10:18:04.107+0000] {dag.py:3036} INFO - Sync 1 DAGs
[2026-05-21T10:18:04.114+0000] {logging_mixin.py:188} INFO - [2026-05-21T10:18:04.114+0000] {dag.py:3823} INFO - Setting next_dagrun for music_processing to None, run_after=None
[2026-05-21T10:18:04.126+0000] {processor.py:183} INFO - Processing /opt/airflow/dags/music_processing_dag.py took 0.063 seconds
[2026-05-21T10:18:34.342+0000] {processor.py:161} INFO - Started process (PID=255) to work on /opt/airflow/dags/music_processing_dag.py
[2026-05-21T10:18:34.343+0000] {processor.py:830} INFO - Processing file /opt/airflow/dags/music_processing_dag.py for tasks to queue
[2026-05-21T10:18:34.345+0000] {logging_mixin.py:188} INFO - [2026-05-21T10:18:34.345+0000] {dagbag.py:538} INFO - Filling up the DagBag from /opt/airflow/dags/music_processing_dag.py
[2026-05-21T10:18:34.361+0000] {processor.py:840} INFO - DAG(s) 'music_processing' retrieved from /opt/airflow/dags/music_processing_dag.py
[2026-05-21T10:18:34.385+0000] {logging_mixin.py:188} INFO - [2026-05-21T10:18:34.385+0000] {dag.py:3036} INFO - Sync 1 DAGs
[2026-05-21T10:18:34.392+0000] {logging_mixin.py:188} INFO - [2026-05-21T10:18:34.392+0000] {dag.py:3823} INFO - Setting next_dagrun for music_processing to None, run_after=None
[2026-05-21T10:18:34.405+0000] {processor.py:183} INFO - Processing /opt/airflow/dags/music_processing_dag.py took 0.066 seconds
[2026-05-21T10:19:04.561+0000] {processor.py:161} INFO - Started process (PID=256) to work on /opt/airflow/dags/music_processing_dag.py
[2026-05-21T10:19:04.562+0000] {processor.py:830} INFO - Processing file /opt/airflow/dags/music_processing_dag.py for tasks to queue
[2026-05-21T10:19:04.563+0000] {logging_mixin.py:188} INFO - [2026-05-21T10:19:04.563+0000] {dagbag.py:538} INFO - Filling up the DagBag from /opt/airflow/dags/music_processing_dag.py
[2026-05-21T10:19:04.577+0000] {processor.py:840} INFO - DAG(s) 'music_processing' retrieved from /opt/airflow/dags/music_processing_dag.py
[2026-05-21T10:19:04.604+0000] {logging_mixin.py:188} INFO - [2026-05-21T10:19:04.604+0000] {dag.py:3036} INFO - Sync 1 DAGs
[2026-05-21T10:19:04.615+0000] {logging_mixin.py:188} INFO - [2026-05-21T10:19:04.615+0000] {dag.py:3823} INFO - Setting next_dagrun for music_processing to None, run_after=None
[2026-05-21T10:19:04.628+0000] {processor.py:183} INFO - Processing /opt/airflow/dags/music_processing_dag.py took 0.069 seconds
[2026-05-21T10:19:34.849+0000] {processor.py:161} INFO - Started process (PID=257) to work on /opt/airflow/dags/music_processing_dag.py
[2026-05-21T10:19:34.850+0000] {processor.py:830} INFO - Processing file /opt/airflow/dags/music_processing_dag.py for tasks to queue
[2026-05-21T10:19:34.852+0000] {logging_mixin.py:188} INFO - [2026-05-21T10:19:34.851+0000] {dagbag.py:538} INFO - Filling up the DagBag from /opt/airflow/dags/music_processing_dag.py
[2026-05-21T10:19:34.864+0000] {processor.py:840} INFO - DAG(s) 'music_processing' retrieved from /opt/airflow/dags/music_processing_dag.py
[2026-05-21T10:19:34.889+0000] {logging_mixin.py:188} INFO - [2026-05-21T10:19:34.889+0000] {dag.py:3036} INFO - Sync 1 DAGs
[2026-05-21T10:19:34.897+0000] {logging_mixin.py:188} INFO - [2026-05-21T10:19:34.897+0000] {dag.py:3823} INFO - Setting next_dagrun for music_processing to None, run_after=None
[2026-05-21T10:19:34.913+0000] {processor.py:183} INFO - Processing /opt/airflow/dags/music_processing_dag.py took 0.067 seconds
[2026-05-21T10:20:05.068+0000] {processor.py:161} INFO - Started process (PID=258) to work on /opt/airflow/dags/music_processing_dag.py
[2026-05-21T10:20:05.069+0000] {processor.py:830} INFO - Processing file /opt/airflow/dags/music_processing_dag.py for tasks to queue
[2026-05-21T10:20:05.071+0000] {logging_mixin.py:188} INFO - [2026-05-21T10:20:05.070+0000] {dagbag.py:538} INFO - Filling up the DagBag from /opt/airflow/dags/music_processing_dag.py
[2026-05-21T10:20:05.085+0000] {processor.py:840} INFO - DAG(s) 'music_processing' retrieved from /opt/airflow/dags/music_processing_dag.py
[2026-05-21T10:20:05.113+0000] {logging_mixin.py:188} INFO - [2026-05-21T10:20:05.113+0000] {dag.py:3036} INFO - Sync 1 DAGs
[2026-05-21T10:20:05.122+0000] {logging_mixin.py:188} INFO - [2026-05-21T10:20:05.122+0000] {dag.py:3823} INFO - Setting next_dagrun for music_processing to None, run_after=None
[2026-05-21T10:20:05.135+0000] {processor.py:183} INFO - Processing /opt/airflow/dags/music_processing_dag.py took 0.070 seconds
[2026-05-21T10:20:35.383+0000] {processor.py:161} INFO - Started process (PID=259) to work on /opt/airflow/dags/music_processing_dag.py
[2026-05-21T10:20:35.383+0000] {processor.py:830} INFO - Processing file /opt/airflow/dags/music_processing_dag.py for tasks to queue
[2026-05-21T10:20:35.385+0000] {logging_mixin.py:188} INFO - [2026-05-21T10:20:35.384+0000] {dagbag.py:538} INFO - Filling up the DagBag from /opt/airflow/dags/music_processing_dag.py
[2026-05-21T10:20:35.400+0000] {processor.py:840} INFO - DAG(s) 'music_processing' retrieved from /opt/airflow/dags/music_processing_dag.py
[2026-05-21T10:20:35.424+0000] {logging_mixin.py:188} INFO - [2026-05-21T10:20:35.424+0000] {dag.py:3036} INFO - Sync 1 DAGs
[2026-05-21T10:20:35.432+0000] {logging_mixin.py:188} INFO - [2026-05-21T10:20:35.432+0000] {dag.py:3823} INFO - Setting next_dagrun for music_processing to None, run_after=None
[2026-05-21T10:20:35.443+0000] {processor.py:183} INFO - Processing /opt/airflow/dags/music_processing_dag.py took 0.062 seconds
[2026-05-21T10:21:05.659+0000] {processor.py:161} INFO - Started process (PID=260) to work on /opt/airflow/dags/music_processing_dag.py
[2026-05-21T10:21:05.660+0000] {processor.py:830} INFO - Processing file /opt/airflow/dags/music_processing_dag.py for tasks to queue
[2026-05-21T10:21:05.662+0000] {logging_mixin.py:188} INFO - [2026-05-21T10:21:05.662+0000] {dagbag.py:538} INFO - Filling up the DagBag from /opt/airflow/dags/music_processing_dag.py
[2026-05-21T10:21:05.677+0000] {processor.py:840} INFO - DAG(s) 'music_processing' retrieved from /opt/airflow/dags/music_processing_dag.py
[2026-05-21T10:21:05.700+0000] {logging_mixin.py:188} INFO - [2026-05-21T10:21:05.700+0000] {dag.py:3036} INFO - Sync 1 DAGs
[2026-05-21T10:21:05.708+0000] {logging_mixin.py:188} INFO - [2026-05-21T10:21:05.708+0000] {dag.py:3823} INFO - Setting next_dagrun for music_processing to None, run_after=None
[2026-05-21T10:21:05.721+0000] {processor.py:183} INFO - Processing /opt/airflow/dags/music_processing_dag.py took 0.065 seconds
[2026-05-21T10:21:35.954+0000] {processor.py:161} INFO - Started process (PID=261) to work on /opt/airflow/dags/music_processing_dag.py
[2026-05-21T10:21:35.955+0000] {processor.py:830} INFO - Processing file /opt/airflow/dags/music_processing_dag.py for tasks to queue
[2026-05-21T10:21:35.957+0000] {logging_mixin.py:188} INFO - [2026-05-21T10:21:35.957+0000] {dagbag.py:538} INFO - Filling up the DagBag from /opt/airflow/dags/music_processing_dag.py
[2026-05-21T10:21:35.972+0000] {processor.py:840} INFO - DAG(s) 'music_processing' retrieved from /opt/airflow/dags/music_processing_dag.py
[2026-05-21T10:21:36.001+0000] {logging_mixin.py:188} INFO - [2026-05-21T10:21:36.001+0000] {dag.py:3036} INFO - Sync 1 DAGs
[2026-05-21T10:21:36.010+0000] {logging_mixin.py:188} INFO - [2026-05-21T10:21:36.009+0000] {dag.py:3823} INFO - Setting next_dagrun for music_processing to None, run_after=None
[2026-05-21T10:21:36.021+0000] {processor.py:183} INFO - Processing /opt/airflow/dags/music_processing_dag.py took 0.070 seconds
[2026-05-21T10:22:06.291+0000] {processor.py:161} INFO - Started process (PID=262) to work on /opt/airflow/dags/music_processing_dag.py
[2026-05-21T10:22:06.292+0000] {processor.py:830} INFO - Processing file /opt/airflow/dags/music_processing_dag.py for tasks to queue
[2026-05-21T10:22:06.294+0000] {logging_mixin.py:188} INFO - [2026-05-21T10:22:06.293+0000] {dagbag.py:538} INFO - Filling up the DagBag from /opt/airflow/dags/music_processing_dag.py
[2026-05-21T10:22:06.304+0000] {processor.py:840} INFO - DAG(s) 'music_processing' retrieved from /opt/airflow/dags/music_processing_dag.py
[2026-05-21T10:22:06.329+0000] {logging_mixin.py:188} INFO - [2026-05-21T10:22:06.328+0000] {dag.py:3036} INFO - Sync 1 DAGs
[2026-05-21T10:22:06.337+0000] {logging_mixin.py:188} INFO - [2026-05-21T10:22:06.337+0000] {dag.py:3823} INFO - Setting next_dagrun for music_processing to None, run_after=None
[2026-05-21T10:22:06.350+0000] {processor.py:183} INFO - Processing /opt/airflow/dags/music_processing_dag.py took 0.062 seconds
[2026-05-21T10:22:36.574+0000] {processor.py:161} INFO - Started process (PID=263) to work on /opt/airflow/dags/music_processing_dag.py
[2026-05-21T10:22:36.575+0000] {processor.py:830} INFO - Processing file /opt/airflow/dags/music_processing_dag.py for tasks to queue
[2026-05-21T10:22:36.576+0000] {logging_mixin.py:188} INFO - [2026-05-21T10:22:36.576+0000] {dagbag.py:538} INFO - Filling up the DagBag from /opt/airflow/dags/music_processing_dag.py
[2026-05-21T10:22:36.589+0000] {processor.py:840} INFO - DAG(s) 'music_processing' retrieved from /opt/airflow/dags/music_processing_dag.py
[2026-05-21T10:22:36.613+0000] {logging_mixin.py:188} INFO - [2026-05-21T10:22:36.613+0000] {dag.py:3036} INFO - Sync 1 DAGs
[2026-05-21T10:22:36.621+0000] {logging_mixin.py:188} INFO - [2026-05-21T10:22:36.621+0000] {dag.py:3823} INFO - Setting next_dagrun for music_processing to None, run_after=None
[2026-05-21T10:22:36.635+0000] {processor.py:183} INFO - Processing /opt/airflow/dags/music_processing_dag.py took 0.062 seconds
[2026-05-21T10:23:06.917+0000] {processor.py:161} INFO - Started process (PID=264) to work on /opt/airflow/dags/music_processing_dag.py
[2026-05-21T10:23:06.918+0000] {processor.py:830} INFO - Processing file /opt/airflow/dags/music_processing_dag.py for tasks to queue
[2026-05-21T10:23:06.922+0000] {logging_mixin.py:188} INFO - [2026-05-21T10:23:06.922+0000] {dagbag.py:538} INFO - Filling up the DagBag from /opt/airflow/dags/music_processing_dag.py
[2026-05-21T10:23:06.936+0000] {processor.py:840} INFO - DAG(s) 'music_processing' retrieved from /opt/airflow/dags/music_processing_dag.py
[2026-05-21T10:23:06.958+0000] {logging_mixin.py:188} INFO - [2026-05-21T10:23:06.958+0000] {dag.py:3036} INFO - Sync 1 DAGs
[2026-05-21T10:23:06.965+0000] {logging_mixin.py:188} INFO - [2026-05-21T10:23:06.965+0000] {dag.py:3823} INFO - Setting next_dagrun for music_processing to None, run_after=None
[2026-05-21T10:23:06.977+0000] {processor.py:183} INFO - Processing /opt/airflow/dags/music_processing_dag.py took 0.063 seconds
[2026-05-21T10:23:37.241+0000] {processor.py:161} INFO - Started process (PID=265) to work on /opt/airflow/dags/music_processing_dag.py
[2026-05-21T10:23:37.242+0000] {processor.py:830} INFO - Processing file /opt/airflow/dags/music_processing_dag.py for tasks to queue
[2026-05-21T10:23:37.244+0000] {logging_mixin.py:188} INFO - [2026-05-21T10:23:37.244+0000] {dagbag.py:538} INFO - Filling up the DagBag from /opt/airflow/dags/music_processing_dag.py
[2026-05-21T10:23:37.259+0000] {processor.py:840} INFO - DAG(s) 'music_processing' retrieved from /opt/airflow/dags/music_processing_dag.py
[2026-05-21T10:23:37.283+0000] {logging_mixin.py:188} INFO - [2026-05-21T10:23:37.282+0000] {dag.py:3036} INFO - Sync 1 DAGs
[2026-05-21T10:23:37.291+0000] {logging_mixin.py:188} INFO - [2026-05-21T10:23:37.291+0000] {dag.py:3823} INFO - Setting next_dagrun for music_processing to None, run_after=None
[2026-05-21T10:23:37.303+0000] {processor.py:183} INFO - Processing /opt/airflow/dags/music_processing_dag.py took 0.066 seconds
[2026-05-21T10:24:07.430+0000] {processor.py:161} INFO - Started process (PID=266) to work on /opt/airflow/dags/music_processing_dag.py
[2026-05-21T10:24:07.431+0000] {processor.py:830} INFO - Processing file /opt/airflow/dags/music_processing_dag.py for tasks to queue
[2026-05-21T10:24:07.433+0000] {logging_mixin.py:188} INFO - [2026-05-21T10:24:07.433+0000] {dagbag.py:538} INFO - Filling up the DagBag from /opt/airflow/dags/music_processing_dag.py
[2026-05-21T10:24:07.447+0000] {processor.py:840} INFO - DAG(s) 'music_processing' retrieved from /opt/airflow/dags/music_processing_dag.py
[2026-05-21T10:24:07.470+0000] {logging_mixin.py:188} INFO - [2026-05-21T10:24:07.469+0000] {dag.py:3036} INFO - Sync 1 DAGs
[2026-05-21T10:24:07.477+0000] {logging_mixin.py:188} INFO - [2026-05-21T10:24:07.477+0000] {dag.py:3823} INFO - Setting next_dagrun for music_processing to None, run_after=None
[2026-05-21T10:24:07.489+0000] {processor.py:183} INFO - Processing /opt/airflow/dags/music_processing_dag.py took 0.063 seconds
[2026-05-21T10:24:37.675+0000] {processor.py:161} INFO - Started process (PID=267) to work on /opt/airflow/dags/music_processing_dag.py
[2026-05-21T10:24:37.675+0000] {processor.py:830} INFO - Processing file /opt/airflow/dags/music_processing_dag.py for tasks to queue
[2026-05-21T10:24:37.677+0000] {logging_mixin.py:188} INFO - [2026-05-21T10:24:37.677+0000] {dagbag.py:538} INFO - Filling up the DagBag from /opt/airflow/dags/music_processing_dag.py
[2026-05-21T10:24:37.687+0000] {processor.py:840} INFO - DAG(s) 'music_processing' retrieved from /opt/airflow/dags/music_processing_dag.py
[2026-05-21T10:24:37.710+0000] {logging_mixin.py:188} INFO - [2026-05-21T10:24:37.709+0000] {dag.py:3036} INFO - Sync 1 DAGs
[2026-05-21T10:24:37.717+0000] {logging_mixin.py:188} INFO - [2026-05-21T10:24:37.716+0000] {dag.py:3823} INFO - Setting next_dagrun for music_processing to None, run_after=None
[2026-05-21T10:24:37.729+0000] {processor.py:183} INFO - Processing /opt/airflow/dags/music_processing_dag.py took 0.057 seconds
[2026-05-21T10:25:07.980+0000] {processor.py:161} INFO - Started process (PID=268) to work on /opt/airflow/dags/music_processing_dag.py
[2026-05-21T10:25:07.981+0000] {processor.py:830} INFO - Processing file /opt/airflow/dags/music_processing_dag.py for tasks to queue
[2026-05-21T10:25:07.982+0000] {logging_mixin.py:188} INFO - [2026-05-21T10:25:07.982+0000] {dagbag.py:538} INFO - Filling up the DagBag from /opt/airflow/dags/music_processing_dag.py
[2026-05-21T10:25:07.995+0000] {processor.py:840} INFO - DAG(s) 'music_processing' retrieved from /opt/airflow/dags/music_processing_dag.py
[2026-05-21T10:25:08.018+0000] {logging_mixin.py:188} INFO - [2026-05-21T10:25:08.018+0000] {dag.py:3036} INFO - Sync 1 DAGs
[2026-05-21T10:25:08.026+0000] {logging_mixin.py:188} INFO - [2026-05-21T10:25:08.025+0000] {dag.py:3823} INFO - Setting next_dagrun for music_processing to None, run_after=None
[2026-05-21T10:25:08.039+0000] {processor.py:183} INFO - Processing /opt/airflow/dags/music_processing_dag.py took 0.061 seconds
[2026-05-21T10:25:38.406+0000] {processor.py:161} INFO - Started process (PID=269) to work on /opt/airflow/dags/music_processing_dag.py
[2026-05-21T10:25:38.407+0000] {processor.py:830} INFO - Processing file /opt/airflow/dags/music_processing_dag.py for tasks to queue
[2026-05-21T10:25:38.408+0000] {logging_mixin.py:188} INFO - [2026-05-21T10:25:38.408+0000] {dagbag.py:538} INFO - Filling up the DagBag from /opt/airflow/dags/music_processing_dag.py
[2026-05-21T10:25:38.424+0000] {processor.py:840} INFO - DAG(s) 'music_processing' retrieved from /opt/airflow/dags/music_processing_dag.py
[2026-05-21T10:25:38.450+0000] {logging_mixin.py:188} INFO - [2026-05-21T10:25:38.450+0000] {dag.py:3036} INFO - Sync 1 DAGs
[2026-05-21T10:25:38.460+0000] {logging_mixin.py:188} INFO - [2026-05-21T10:25:38.459+0000] {dag.py:3823} INFO - Setting next_dagrun for music_processing to None, run_after=None
[2026-05-21T10:25:38.476+0000] {processor.py:183} INFO - Processing /opt/airflow/dags/music_processing_dag.py took 0.072 seconds
[2026-05-21T10:26:08.738+0000] {processor.py:161} INFO - Started process (PID=270) to work on /opt/airflow/dags/music_processing_dag.py
[2026-05-21T10:26:08.739+0000] {processor.py:830} INFO - Processing file /opt/airflow/dags/music_processing_dag.py for tasks to queue
[2026-05-21T10:26:08.740+0000] {logging_mixin.py:188} INFO - [2026-05-21T10:26:08.740+0000] {dagbag.py:538} INFO - Filling up the DagBag from /opt/airflow/dags/music_processing_dag.py
[2026-05-21T10:26:08.752+0000] {processor.py:840} INFO - DAG(s) 'music_processing' retrieved from /opt/airflow/dags/music_processing_dag.py
[2026-05-21T10:26:08.780+0000] {logging_mixin.py:188} INFO - [2026-05-21T10:26:08.780+0000] {dag.py:3036} INFO - Sync 1 DAGs
[2026-05-21T10:26:08.792+0000] {logging_mixin.py:188} INFO - [2026-05-21T10:26:08.792+0000] {dag.py:3823} INFO - Setting next_dagrun for music_processing to None, run_after=None
[2026-05-21T10:26:08.809+0000] {processor.py:183} INFO - Processing /opt/airflow/dags/music_processing_dag.py took 0.072 seconds
[2026-05-21T10:26:39.147+0000] {processor.py:161} INFO - Started process (PID=271) to work on /opt/airflow/dags/music_processing_dag.py
[2026-05-21T10:26:39.148+0000] {processor.py:830} INFO - Processing file /opt/airflow/dags/music_processing_dag.py for tasks to queue
[2026-05-21T10:26:39.149+0000] {logging_mixin.py:188} INFO - [2026-05-21T10:26:39.149+0000] {dagbag.py:538} INFO - Filling up the DagBag from /opt/airflow/dags/music_processing_dag.py
[2026-05-21T10:26:39.162+0000] {processor.py:840} INFO - DAG(s) 'music_processing' retrieved from /opt/airflow/dags/music_processing_dag.py
[2026-05-21T10:26:39.185+0000] {logging_mixin.py:188} INFO - [2026-05-21T10:26:39.185+0000] {dag.py:3036} INFO - Sync 1 DAGs
[2026-05-21T10:26:39.194+0000] {logging_mixin.py:188} INFO - [2026-05-21T10:26:39.194+0000] {dag.py:3823} INFO - Setting next_dagrun for music_processing to None, run_after=None
[2026-05-21T10:26:39.207+0000] {processor.py:183} INFO - Processing /opt/airflow/dags/music_processing_dag.py took 0.063 seconds
[2026-05-21T10:27:09.418+0000] {processor.py:161} INFO - Started process (PID=272) to work on /opt/airflow/dags/music_processing_dag.py
[2026-05-21T10:27:09.419+0000] {processor.py:830} INFO - Processing file /opt/airflow/dags/music_processing_dag.py for tasks to queue
[2026-05-21T10:27:09.420+0000] {logging_mixin.py:188} INFO - [2026-05-21T10:27:09.420+0000] {dagbag.py:538} INFO - Filling up the DagBag from /opt/airflow/dags/music_processing_dag.py
[2026-05-21T10:27:09.431+0000] {processor.py:840} INFO - DAG(s) 'music_processing' retrieved from /opt/airflow/dags/music_processing_dag.py
[2026-05-21T10:27:09.454+0000] {logging_mixin.py:188} INFO - [2026-05-21T10:27:09.453+0000] {dag.py:3036} INFO - Sync 1 DAGs
[2026-05-21T10:27:09.461+0000] {logging_mixin.py:188} INFO - [2026-05-21T10:27:09.460+0000] {dag.py:3823} INFO - Setting next_dagrun for music_processing to None, run_after=None
[2026-05-21T10:27:09.473+0000] {processor.py:183} INFO - Processing /opt/airflow/dags/music_processing_dag.py took 0.057 seconds
[2026-05-21T10:27:39.657+0000] {processor.py:161} INFO - Started process (PID=273) to work on /opt/airflow/dags/music_processing_dag.py
[2026-05-21T10:27:39.658+0000] {processor.py:830} INFO - Processing file /opt/airflow/dags/music_processing_dag.py for tasks to queue
[2026-05-21T10:27:39.659+0000] {logging_mixin.py:188} INFO - [2026-05-21T10:27:39.659+0000] {dagbag.py:538} INFO - Filling up the DagBag from /opt/airflow/dags/music_processing_dag.py
[2026-05-21T10:27:39.670+0000] {processor.py:840} INFO - DAG(s) 'music_processing' retrieved from /opt/airflow/dags/music_processing_dag.py
[2026-05-21T10:27:39.693+0000] {logging_mixin.py:188} INFO - [2026-05-21T10:27:39.693+0000] {dag.py:3036} INFO - Sync 1 DAGs
[2026-05-21T10:27:39.701+0000] {logging_mixin.py:188} INFO - [2026-05-21T10:27:39.701+0000] {dag.py:3823} INFO - Setting next_dagrun for music_processing to None, run_after=None
[2026-05-21T10:27:39.716+0000] {processor.py:183} INFO - Processing /opt/airflow/dags/music_processing_dag.py took 0.061 seconds
[2026-05-21T10:28:09.953+0000] {processor.py:161} INFO - Started process (PID=274) to work on /opt/airflow/dags/music_processing_dag.py
[2026-05-21T10:28:09.954+0000] {processor.py:830} INFO - Processing file /opt/airflow/dags/music_processing_dag.py for tasks to queue
[2026-05-21T10:28:09.956+0000] {logging_mixin.py:188} INFO - [2026-05-21T10:28:09.955+0000] {dagbag.py:538} INFO - Filling up the DagBag from /opt/airflow/dags/music_processing_dag.py
[2026-05-21T10:28:09.967+0000] {processor.py:840} INFO - DAG(s) 'music_processing' retrieved from /opt/airflow/dags/music_processing_dag.py
[2026-05-21T10:28:09.990+0000] {logging_mixin.py:188} INFO - [2026-05-21T10:28:09.990+0000] {dag.py:3036} INFO - Sync 1 DAGs
[2026-05-21T10:28:09.997+0000] {logging_mixin.py:188} INFO - [2026-05-21T10:28:09.997+0000] {dag.py:3823} INFO - Setting next_dagrun for music_processing to None, run_after=None
[2026-05-21T10:28:10.009+0000] {processor.py:183} INFO - Processing /opt/airflow/dags/music_processing_dag.py took 0.059 seconds
[2026-05-21T10:28:40.175+0000] {processor.py:161} INFO - Started process (PID=275) to work on /opt/airflow/dags/music_processing_dag.py
[2026-05-21T10:28:40.176+0000] {processor.py:830} INFO - Processing file /opt/airflow/dags/music_processing_dag.py for tasks to queue
[2026-05-21T10:28:40.177+0000] {logging_mixin.py:188} INFO - [2026-05-21T10:28:40.177+0000] {dagbag.py:538} INFO - Filling up the DagBag from /opt/airflow/dags/music_processing_dag.py
[2026-05-21T10:28:40.190+0000] {processor.py:840} INFO - DAG(s) 'music_processing' retrieved from /opt/airflow/dags/music_processing_dag.py
[2026-05-21T10:28:40.214+0000] {logging_mixin.py:188} INFO - [2026-05-21T10:28:40.214+0000] {dag.py:3036} INFO - Sync 1 DAGs
[2026-05-21T10:28:40.222+0000] {logging_mixin.py:188} INFO - [2026-05-21T10:28:40.222+0000] {dag.py:3823} INFO - Setting next_dagrun for music_processing to None, run_after=None
[2026-05-21T10:28:40.235+0000] {processor.py:183} INFO - Processing /opt/airflow/dags/music_processing_dag.py took 0.062 seconds
[2026-05-21T10:29:10.529+0000] {processor.py:161} INFO - Started process (PID=276) to work on /opt/airflow/dags/music_processing_dag.py
[2026-05-21T10:29:10.529+0000] {processor.py:830} INFO - Processing file /opt/airflow/dags/music_processing_dag.py for tasks to queue
[2026-05-21T10:29:10.530+0000] {logging_mixin.py:188} INFO - [2026-05-21T10:29:10.530+0000] {dagbag.py:538} INFO - Filling up the DagBag from /opt/airflow/dags/music_processing_dag.py
[2026-05-21T10:29:10.541+0000] {processor.py:840} INFO - DAG(s) 'music_processing' retrieved from /opt/airflow/dags/music_processing_dag.py
[2026-05-21T10:29:10.563+0000] {logging_mixin.py:188} INFO - [2026-05-21T10:29:10.563+0000] {dag.py:3036} INFO - Sync 1 DAGs
[2026-05-21T10:29:10.574+0000] {logging_mixin.py:188} INFO - [2026-05-21T10:29:10.574+0000] {dag.py:3823} INFO - Setting next_dagrun for music_processing to None, run_after=None
[2026-05-21T10:29:10.586+0000] {processor.py:183} INFO - Processing /opt/airflow/dags/music_processing_dag.py took 0.061 seconds
[2026-05-21T10:29:40.745+0000] {processor.py:161} INFO - Started process (PID=277) to work on /opt/airflow/dags/music_processing_dag.py
[2026-05-21T10:29:40.745+0000] {processor.py:830} INFO - Processing file /opt/airflow/dags/music_processing_dag.py for tasks to queue
[2026-05-21T10:29:40.747+0000] {logging_mixin.py:188} INFO - [2026-05-21T10:29:40.746+0000] {dagbag.py:538} INFO - Filling up the DagBag from /opt/airflow/dags/music_processing_dag.py
[2026-05-21T10:29:40.758+0000] {processor.py:840} INFO - DAG(s) 'music_processing' retrieved from /opt/airflow/dags/music_processing_dag.py
[2026-05-21T10:29:40.782+0000] {logging_mixin.py:188} INFO - [2026-05-21T10:29:40.782+0000] {dag.py:3036} INFO - Sync 1 DAGs
[2026-05-21T10:29:40.790+0000] {logging_mixin.py:188} INFO - [2026-05-21T10:29:40.790+0000] {dag.py:3823} INFO - Setting next_dagrun for music_processing to None, run_after=None
[2026-05-21T10:29:40.802+0000] {processor.py:183} INFO - Processing /opt/airflow/dags/music_processing_dag.py took 0.060 seconds
[2026-05-21T10:30:11.007+0000] {processor.py:161} INFO - Started process (PID=278) to work on /opt/airflow/dags/music_processing_dag.py
[2026-05-21T10:30:11.008+0000] {processor.py:830} INFO - Processing file /opt/airflow/dags/music_processing_dag.py for tasks to queue
[2026-05-21T10:30:11.009+0000] {logging_mixin.py:188} INFO - [2026-05-21T10:30:11.009+0000] {dagbag.py:538} INFO - Filling up the DagBag from /opt/airflow/dags/music_processing_dag.py
[2026-05-21T10:30:11.024+0000] {processor.py:840} INFO - DAG(s) 'music_processing' retrieved from /opt/airflow/dags/music_processing_dag.py
[2026-05-21T10:30:11.050+0000] {logging_mixin.py:188} INFO - [2026-05-21T10:30:11.049+0000] {dag.py:3036} INFO - Sync 1 DAGs
[2026-05-21T10:30:11.057+0000] {logging_mixin.py:188} INFO - [2026-05-21T10:30:11.057+0000] {dag.py:3823} INFO - Setting next_dagrun for music_processing to None, run_after=None
[2026-05-21T10:30:11.068+0000] {processor.py:183} INFO - Processing /opt/airflow/dags/music_processing_dag.py took 0.064 seconds
[2026-05-21T10:30:41.313+0000] {processor.py:161} INFO - Started process (PID=279) to work on /opt/airflow/dags/music_processing_dag.py
[2026-05-21T10:30:41.313+0000] {processor.py:830} INFO - Processing file /opt/airflow/dags/music_processing_dag.py for tasks to queue
[2026-05-21T10:30:41.314+0000] {logging_mixin.py:188} INFO - [2026-05-21T10:30:41.314+0000] {dagbag.py:538} INFO - Filling up the DagBag from /opt/airflow/dags/music_processing_dag.py
[2026-05-21T10:30:41.325+0000] {processor.py:840} INFO - DAG(s) 'music_processing' retrieved from /opt/airflow/dags/music_processing_dag.py
[2026-05-21T10:30:41.347+0000] {logging_mixin.py:188} INFO - [2026-05-21T10:30:41.347+0000] {dag.py:3036} INFO - Sync 1 DAGs
[2026-05-21T10:30:41.355+0000] {logging_mixin.py:188} INFO - [2026-05-21T10:30:41.355+0000] {dag.py:3823} INFO - Setting next_dagrun for music_processing to None, run_after=None
[2026-05-21T10:30:41.367+0000] {processor.py:183} INFO - Processing /opt/airflow/dags/music_processing_dag.py took 0.057 seconds
[2026-05-21T10:31:11.593+0000] {processor.py:161} INFO - Started process (PID=280) to work on /opt/airflow/dags/music_processing_dag.py
[2026-05-21T10:31:11.594+0000] {processor.py:830} INFO - Processing file /opt/airflow/dags/music_processing_dag.py for tasks to queue
[2026-05-21T10:31:11.595+0000] {logging_mixin.py:188} INFO - [2026-05-21T10:31:11.595+0000] {dagbag.py:538} INFO - Filling up the DagBag from /opt/airflow/dags/music_processing_dag.py
[2026-05-21T10:31:11.607+0000] {processor.py:840} INFO - DAG(s) 'music_processing' retrieved from /opt/airflow/dags/music_processing_dag.py
[2026-05-21T10:31:11.630+0000] {logging_mixin.py:188} INFO - [2026-05-21T10:31:11.630+0000] {dag.py:3036} INFO - Sync 1 DAGs
[2026-05-21T10:31:11.637+0000] {logging_mixin.py:188} INFO - [2026-05-21T10:31:11.637+0000] {dag.py:3823} INFO - Setting next_dagrun for music_processing to None, run_after=None
[2026-05-21T10:31:11.653+0000] {processor.py:183} INFO - Processing /opt/airflow/dags/music_processing_dag.py took 0.062 seconds
[2026-05-21T10:31:41.891+0000] {processor.py:161} INFO - Started process (PID=281) to work on /opt/airflow/dags/music_processing_dag.py
[2026-05-21T10:31:41.892+0000] {processor.py:830} INFO - Processing file /opt/airflow/dags/music_processing_dag.py for tasks to queue
[2026-05-21T10:31:41.893+0000] {logging_mixin.py:188} INFO - [2026-05-21T10:31:41.893+0000] {dagbag.py:538} INFO - Filling up the DagBag from /opt/airflow/dags/music_processing_dag.py
[2026-05-21T10:31:41.911+0000] {processor.py:840} INFO - DAG(s) 'music_processing' retrieved from /opt/airflow/dags/music_processing_dag.py
[2026-05-21T10:31:41.936+0000] {logging_mixin.py:188} INFO - [2026-05-21T10:31:41.936+0000] {dag.py:3036} INFO - Sync 1 DAGs
[2026-05-21T10:31:41.946+0000] {logging_mixin.py:188} INFO - [2026-05-21T10:31:41.945+0000] {dag.py:3823} INFO - Setting next_dagrun for music_processing to None, run_after=None
[2026-05-21T10:31:41.959+0000] {processor.py:183} INFO - Processing /opt/airflow/dags/music_processing_dag.py took 0.071 seconds
[2026-05-21T10:32:12.114+0000] {processor.py:161} INFO - Started process (PID=282) to work on /opt/airflow/dags/music_processing_dag.py
[2026-05-21T10:32:12.115+0000] {processor.py:830} INFO - Processing file /opt/airflow/dags/music_processing_dag.py for tasks to queue
[2026-05-21T10:32:12.116+0000] {logging_mixin.py:188} INFO - [2026-05-21T10:32:12.116+0000] {dagbag.py:538} INFO - Filling up the DagBag from /opt/airflow/dags/music_processing_dag.py
[2026-05-21T10:32:12.128+0000] {processor.py:840} INFO - DAG(s) 'music_processing' retrieved from /opt/airflow/dags/music_processing_dag.py
[2026-05-21T10:32:12.152+0000] {logging_mixin.py:188} INFO - [2026-05-21T10:32:12.152+0000] {dag.py:3036} INFO - Sync 1 DAGs
[2026-05-21T10:32:12.161+0000] {logging_mixin.py:188} INFO - [2026-05-21T10:32:12.160+0000] {dag.py:3823} INFO - Setting next_dagrun for music_processing to None, run_after=None
[2026-05-21T10:32:12.172+0000] {processor.py:183} INFO - Processing /opt/airflow/dags/music_processing_dag.py took 0.060 seconds
[2026-05-21T10:32:42.358+0000] {processor.py:161} INFO - Started process (PID=283) to work on /opt/airflow/dags/music_processing_dag.py
[2026-05-21T10:32:42.359+0000] {processor.py:830} INFO - Processing file /opt/airflow/dags/music_processing_dag.py for tasks to queue
[2026-05-21T10:32:42.360+0000] {logging_mixin.py:188} INFO - [2026-05-21T10:32:42.360+0000] {dagbag.py:538} INFO - Filling up the DagBag from /opt/airflow/dags/music_processing_dag.py
[2026-05-21T10:32:42.375+0000] {processor.py:840} INFO - DAG(s) 'music_processing' retrieved from /opt/airflow/dags/music_processing_dag.py
[2026-05-21T10:32:42.402+0000] {logging_mixin.py:188} INFO - [2026-05-21T10:32:42.402+0000] {dag.py:3036} INFO - Sync 1 DAGs
[2026-05-21T10:32:42.411+0000] {logging_mixin.py:188} INFO - [2026-05-21T10:32:42.410+0000] {dag.py:3823} INFO - Setting next_dagrun for music_processing to None, run_after=None
[2026-05-21T10:32:42.430+0000] {processor.py:183} INFO - Processing /opt/airflow/dags/music_processing_dag.py took 0.073 seconds
[2026-05-21T10:33:12.573+0000] {processor.py:161} INFO - Started process (PID=284) to work on /opt/airflow/dags/music_processing_dag.py
[2026-05-21T10:33:12.574+0000] {processor.py:830} INFO - Processing file /opt/airflow/dags/music_processing_dag.py for tasks to queue
[2026-05-21T10:33:12.575+0000] {logging_mixin.py:188} INFO - [2026-05-21T10:33:12.575+0000] {dagbag.py:538} INFO - Filling up the DagBag from /opt/airflow/dags/music_processing_dag.py
[2026-05-21T10:33:12.586+0000] {processor.py:840} INFO - DAG(s) 'music_processing' retrieved from /opt/airflow/dags/music_processing_dag.py
[2026-05-21T10:33:12.610+0000] {logging_mixin.py:188} INFO - [2026-05-21T10:33:12.609+0000] {dag.py:3036} INFO - Sync 1 DAGs
[2026-05-21T10:33:12.617+0000] {logging_mixin.py:188} INFO - [2026-05-21T10:33:12.617+0000] {dag.py:3823} INFO - Setting next_dagrun for music_processing to None, run_after=None
[2026-05-21T10:33:12.629+0000] {processor.py:183} INFO - Processing /opt/airflow/dags/music_processing_dag.py took 0.058 seconds
[2026-05-21T10:33:42.840+0000] {processor.py:161} INFO - Started process (PID=285) to work on /opt/airflow/dags/music_processing_dag.py
[2026-05-21T10:33:42.840+0000] {processor.py:830} INFO - Processing file /opt/airflow/dags/music_processing_dag.py for tasks to queue
[2026-05-21T10:33:42.842+0000] {logging_mixin.py:188} INFO - [2026-05-21T10:33:42.841+0000] {dagbag.py:538} INFO - Filling up the DagBag from /opt/airflow/dags/music_processing_dag.py
[2026-05-21T10:33:42.856+0000] {processor.py:840} INFO - DAG(s) 'music_processing' retrieved from /opt/airflow/dags/music_processing_dag.py
[2026-05-21T10:33:42.881+0000] {logging_mixin.py:188} INFO - [2026-05-21T10:33:42.881+0000] {dag.py:3036} INFO - Sync 1 DAGs
[2026-05-21T10:33:42.889+0000] {logging_mixin.py:188} INFO - [2026-05-21T10:33:42.889+0000] {dag.py:3823} INFO - Setting next_dagrun for music_processing to None, run_after=None
[2026-05-21T10:33:42.902+0000] {processor.py:183} INFO - Processing /opt/airflow/dags/music_processing_dag.py took 0.065 seconds
[2026-05-21T10:34:13.025+0000] {processor.py:161} INFO - Started process (PID=286) to work on /opt/airflow/dags/music_processing_dag.py
[2026-05-21T10:34:13.026+0000] {processor.py:830} INFO - Processing file /opt/airflow/dags/music_processing_dag.py for tasks to queue
[2026-05-21T10:34:13.027+0000] {logging_mixin.py:188} INFO - [2026-05-21T10:34:13.027+0000] {dagbag.py:538} INFO - Filling up the DagBag from /opt/airflow/dags/music_processing_dag.py
[2026-05-21T10:34:13.041+0000] {processor.py:840} INFO - DAG(s) 'music_processing' retrieved from /opt/airflow/dags/music_processing_dag.py
[2026-05-21T10:34:13.064+0000] {logging_mixin.py:188} INFO - [2026-05-21T10:34:13.064+0000] {dag.py:3036} INFO - Sync 1 DAGs
[2026-05-21T10:34:13.073+0000] {logging_mixin.py:188} INFO - [2026-05-21T10:34:13.072+0000] {dag.py:3823} INFO - Setting next_dagrun for music_processing to None, run_after=None
[2026-05-21T10:34:13.085+0000] {processor.py:183} INFO - Processing /opt/airflow/dags/music_processing_dag.py took 0.063 seconds
[2026-05-21T10:34:43.262+0000] {processor.py:161} INFO - Started process (PID=287) to work on /opt/airflow/dags/music_processing_dag.py
[2026-05-21T10:34:43.262+0000] {processor.py:830} INFO - Processing file /opt/airflow/dags/music_processing_dag.py for tasks to queue
[2026-05-21T10:34:43.264+0000] {logging_mixin.py:188} INFO - [2026-05-21T10:34:43.263+0000] {dagbag.py:538} INFO - Filling up the DagBag from /opt/airflow/dags/music_processing_dag.py
[2026-05-21T10:34:43.276+0000] {processor.py:840} INFO - DAG(s) 'music_processing' retrieved from /opt/airflow/dags/music_processing_dag.py
[2026-05-21T10:34:43.305+0000] {logging_mixin.py:188} INFO - [2026-05-21T10:34:43.304+0000] {dag.py:3036} INFO - Sync 1 DAGs
[2026-05-21T10:34:43.313+0000] {logging_mixin.py:188} INFO - [2026-05-21T10:34:43.313+0000] {dag.py:3823} INFO - Setting next_dagrun for music_processing to None, run_after=None
[2026-05-21T10:34:43.324+0000] {processor.py:183} INFO - Processing /opt/airflow/dags/music_processing_dag.py took 0.065 seconds
[2026-05-21T10:35:13.535+0000] {processor.py:161} INFO - Started process (PID=288) to work on /opt/airflow/dags/music_processing_dag.py
[2026-05-21T10:35:13.536+0000] {processor.py:830} INFO - Processing file /opt/airflow/dags/music_processing_dag.py for tasks to queue
[2026-05-21T10:35:13.538+0000] {logging_mixin.py:188} INFO - [2026-05-21T10:35:13.538+0000] {dagbag.py:538} INFO - Filling up the DagBag from /opt/airflow/dags/music_processing_dag.py
[2026-05-21T10:35:13.557+0000] {processor.py:840} INFO - DAG(s) 'music_processing' retrieved from /opt/airflow/dags/music_processing_dag.py
[2026-05-21T10:35:13.581+0000] {logging_mixin.py:188} INFO - [2026-05-21T10:35:13.581+0000] {dag.py:3036} INFO - Sync 1 DAGs
[2026-05-21T10:35:13.589+0000] {logging_mixin.py:188} INFO - [2026-05-21T10:35:13.589+0000] {dag.py:3823} INFO - Setting next_dagrun for music_processing to None, run_after=None
[2026-05-21T10:35:13.601+0000] {processor.py:183} INFO - Processing /opt/airflow/dags/music_processing_dag.py took 0.069 seconds
[2026-05-21T10:35:43.727+0000] {processor.py:161} INFO - Started process (PID=289) to work on /opt/airflow/dags/music_processing_dag.py
[2026-05-21T10:35:43.728+0000] {processor.py:830} INFO - Processing file /opt/airflow/dags/music_processing_dag.py for tasks to queue
[2026-05-21T10:35:43.729+0000] {logging_mixin.py:188} INFO - [2026-05-21T10:35:43.729+0000] {dagbag.py:538} INFO - Filling up the DagBag from /opt/airflow/dags/music_processing_dag.py
[2026-05-21T10:35:43.744+0000] {processor.py:840} INFO - DAG(s) 'music_processing' retrieved from /opt/airflow/dags/music_processing_dag.py
[2026-05-21T10:35:43.770+0000] {logging_mixin.py:188} INFO - [2026-05-21T10:35:43.770+0000] {dag.py:3036} INFO - Sync 1 DAGs
[2026-05-21T10:35:43.780+0000] {logging_mixin.py:188} INFO - [2026-05-21T10:35:43.780+0000] {dag.py:3823} INFO - Setting next_dagrun for music_processing to None, run_after=None
[2026-05-21T10:35:43.793+0000] {processor.py:183} INFO - Processing /opt/airflow/dags/music_processing_dag.py took 0.068 seconds
[2026-05-21T10:36:13.916+0000] {processor.py:161} INFO - Started process (PID=290) to work on /opt/airflow/dags/music_processing_dag.py
[2026-05-21T10:36:13.917+0000] {processor.py:830} INFO - Processing file /opt/airflow/dags/music_processing_dag.py for tasks to queue
[2026-05-21T10:36:13.918+0000] {logging_mixin.py:188} INFO - [2026-05-21T10:36:13.918+0000] {dagbag.py:538} INFO - Filling up the DagBag from /opt/airflow/dags/music_processing_dag.py
[2026-05-21T10:36:13.929+0000] {processor.py:840} INFO - DAG(s) 'music_processing' retrieved from /opt/airflow/dags/music_processing_dag.py
[2026-05-21T10:36:13.952+0000] {logging_mixin.py:188} INFO - [2026-05-21T10:36:13.952+0000] {dag.py:3036} INFO - Sync 1 DAGs
[2026-05-21T10:36:13.960+0000] {logging_mixin.py:188} INFO - [2026-05-21T10:36:13.960+0000] {dag.py:3823} INFO - Setting next_dagrun for music_processing to None, run_after=None
[2026-05-21T10:36:13.972+0000] {processor.py:183} INFO - Processing /opt/airflow/dags/music_processing_dag.py took 0.059 seconds
[2026-05-21T10:36:44.084+0000] {processor.py:161} INFO - Started process (PID=291) to work on /opt/airflow/dags/music_processing_dag.py
[2026-05-21T10:36:44.085+0000] {processor.py:830} INFO - Processing file /opt/airflow/dags/music_processing_dag.py for tasks to queue
[2026-05-21T10:36:44.087+0000] {logging_mixin.py:188} INFO - [2026-05-21T10:36:44.087+0000] {dagbag.py:538} INFO - Filling up the DagBag from /opt/airflow/dags/music_processing_dag.py
[2026-05-21T10:36:44.103+0000] {processor.py:840} INFO - DAG(s) 'music_processing' retrieved from /opt/airflow/dags/music_processing_dag.py
[2026-05-21T10:36:44.128+0000] {logging_mixin.py:188} INFO - [2026-05-21T10:36:44.128+0000] {dag.py:3036} INFO - Sync 1 DAGs
[2026-05-21T10:36:44.136+0000] {logging_mixin.py:188} INFO - [2026-05-21T10:36:44.135+0000] {dag.py:3823} INFO - Setting next_dagrun for music_processing to None, run_after=None
[2026-05-21T10:36:44.149+0000] {processor.py:183} INFO - Processing /opt/airflow/dags/music_processing_dag.py took 0.069 seconds
[2026-05-21T10:37:14.394+0000] {processor.py:161} INFO - Started process (PID=292) to work on /opt/airflow/dags/music_processing_dag.py
[2026-05-21T10:37:14.395+0000] {processor.py:830} INFO - Processing file /opt/airflow/dags/music_processing_dag.py for tasks to queue
[2026-05-21T10:37:14.397+0000] {logging_mixin.py:188} INFO - [2026-05-21T10:37:14.396+0000] {dagbag.py:538} INFO - Filling up the DagBag from /opt/airflow/dags/music_processing_dag.py
[2026-05-21T10:37:14.410+0000] {processor.py:840} INFO - DAG(s) 'music_processing' retrieved from /opt/airflow/dags/music_processing_dag.py
[2026-05-21T10:37:14.434+0000] {logging_mixin.py:188} INFO - [2026-05-21T10:37:14.433+0000] {dag.py:3036} INFO - Sync 1 DAGs
[2026-05-21T10:37:14.442+0000] {logging_mixin.py:188} INFO - [2026-05-21T10:37:14.442+0000] {dag.py:3823} INFO - Setting next_dagrun for music_processing to None, run_after=None
[2026-05-21T10:37:14.456+0000] {processor.py:183} INFO - Processing /opt/airflow/dags/music_processing_dag.py took 0.065 seconds
[2026-05-21T10:37:44.695+0000] {processor.py:161} INFO - Started process (PID=293) to work on /opt/airflow/dags/music_processing_dag.py
[2026-05-21T10:37:44.696+0000] {processor.py:830} INFO - Processing file /opt/airflow/dags/music_processing_dag.py for tasks to queue
[2026-05-21T10:37:44.698+0000] {logging_mixin.py:188} INFO - [2026-05-21T10:37:44.697+0000] {dagbag.py:538} INFO - Filling up the DagBag from /opt/airflow/dags/music_processing_dag.py
[2026-05-21T10:37:44.710+0000] {processor.py:840} INFO - DAG(s) 'music_processing' retrieved from /opt/airflow/dags/music_processing_dag.py
[2026-05-21T10:37:44.736+0000] {logging_mixin.py:188} INFO - [2026-05-21T10:37:44.735+0000] {dag.py:3036} INFO - Sync 1 DAGs
[2026-05-21T10:37:44.744+0000] {logging_mixin.py:188} INFO - [2026-05-21T10:37:44.744+0000] {dag.py:3823} INFO - Setting next_dagrun for music_processing to None, run_after=None
[2026-05-21T10:37:44.758+0000] {processor.py:183} INFO - Processing /opt/airflow/dags/music_processing_dag.py took 0.067 seconds
[2026-05-21T10:38:14.969+0000] {processor.py:161} INFO - Started process (PID=294) to work on /opt/airflow/dags/music_processing_dag.py
[2026-05-21T10:38:14.970+0000] {processor.py:830} INFO - Processing file /opt/airflow/dags/music_processing_dag.py for tasks to queue
[2026-05-21T10:38:14.971+0000] {logging_mixin.py:188} INFO - [2026-05-21T10:38:14.971+0000] {dagbag.py:538} INFO - Filling up the DagBag from /opt/airflow/dags/music_processing_dag.py
[2026-05-21T10:38:14.986+0000] {processor.py:840} INFO - DAG(s) 'music_processing' retrieved from /opt/airflow/dags/music_processing_dag.py
[2026-05-21T10:38:15.014+0000] {logging_mixin.py:188} INFO - [2026-05-21T10:38:15.014+0000] {dag.py:3036} INFO - Sync 1 DAGs
[2026-05-21T10:38:15.025+0000] {logging_mixin.py:188} INFO - [2026-05-21T10:38:15.024+0000] {dag.py:3823} INFO - Setting next_dagrun for music_processing to None, run_after=None
[2026-05-21T10:38:15.040+0000] {processor.py:183} INFO - Processing /opt/airflow/dags/music_processing_dag.py took 0.073 seconds
[2026-05-21T10:38:45.147+0000] {processor.py:161} INFO - Started process (PID=295) to work on /opt/airflow/dags/music_processing_dag.py
[2026-05-21T10:38:45.147+0000] {processor.py:830} INFO - Processing file /opt/airflow/dags/music_processing_dag.py for tasks to queue
[2026-05-21T10:38:45.149+0000] {logging_mixin.py:188} INFO - [2026-05-21T10:38:45.149+0000] {dagbag.py:538} INFO - Filling up the DagBag from /opt/airflow/dags/music_processing_dag.py
[2026-05-21T10:38:45.161+0000] {processor.py:840} INFO - DAG(s) 'music_processing' retrieved from /opt/airflow/dags/music_processing_dag.py
[2026-05-21T10:38:45.187+0000] {logging_mixin.py:188} INFO - [2026-05-21T10:38:45.187+0000] {dag.py:3036} INFO - Sync 1 DAGs
[2026-05-21T10:38:45.196+0000] {logging_mixin.py:188} INFO - [2026-05-21T10:38:45.195+0000] {dag.py:3823} INFO - Setting next_dagrun for music_processing to None, run_after=None
[2026-05-21T10:38:45.209+0000] {processor.py:183} INFO - Processing /opt/airflow/dags/music_processing_dag.py took 0.065 seconds
[2026-05-21T10:39:15.434+0000] {processor.py:161} INFO - Started process (PID=296) to work on /opt/airflow/dags/music_processing_dag.py
[2026-05-21T10:39:15.435+0000] {processor.py:830} INFO - Processing file /opt/airflow/dags/music_processing_dag.py for tasks to queue
[2026-05-21T10:39:15.437+0000] {logging_mixin.py:188} INFO - [2026-05-21T10:39:15.436+0000] {dagbag.py:538} INFO - Filling up the DagBag from /opt/airflow/dags/music_processing_dag.py
[2026-05-21T10:39:15.454+0000] {processor.py:840} INFO - DAG(s) 'music_processing' retrieved from /opt/airflow/dags/music_processing_dag.py
[2026-05-21T10:39:15.479+0000] {logging_mixin.py:188} INFO - [2026-05-21T10:39:15.478+0000] {dag.py:3036} INFO - Sync 1 DAGs
[2026-05-21T10:39:15.487+0000] {logging_mixin.py:188} INFO - [2026-05-21T10:39:15.487+0000] {dag.py:3823} INFO - Setting next_dagrun for music_processing to None, run_after=None
[2026-05-21T10:39:15.498+0000] {processor.py:183} INFO - Processing /opt/airflow/dags/music_processing_dag.py took 0.068 seconds
[2026-05-21T10:39:45.655+0000] {processor.py:161} INFO - Started process (PID=297) to work on /opt/airflow/dags/music_processing_dag.py
[2026-05-21T10:39:45.656+0000] {processor.py:830} INFO - Processing file /opt/airflow/dags/music_processing_dag.py for tasks to queue
[2026-05-21T10:39:45.657+0000] {logging_mixin.py:188} INFO - [2026-05-21T10:39:45.657+0000] {dagbag.py:538} INFO - Filling up the DagBag from /opt/airflow/dags/music_processing_dag.py
[2026-05-21T10:39:45.671+0000] {processor.py:840} INFO - DAG(s) 'music_processing' retrieved from /opt/airflow/dags/music_processing_dag.py
[2026-05-21T10:39:45.697+0000] {logging_mixin.py:188} INFO - [2026-05-21T10:39:45.697+0000] {dag.py:3036} INFO - Sync 1 DAGs
[2026-05-21T10:39:45.705+0000] {logging_mixin.py:188} INFO - [2026-05-21T10:39:45.705+0000] {dag.py:3823} INFO - Setting next_dagrun for music_processing to None, run_after=None
[2026-05-21T10:39:45.719+0000] {processor.py:183} INFO - Processing /opt/airflow/dags/music_processing_dag.py took 0.066 seconds
[2026-05-21T10:40:15.924+0000] {processor.py:161} INFO - Started process (PID=298) to work on /opt/airflow/dags/music_processing_dag.py
[2026-05-21T10:40:15.925+0000] {processor.py:830} INFO - Processing file /opt/airflow/dags/music_processing_dag.py for tasks to queue
[2026-05-21T10:40:15.926+0000] {logging_mixin.py:188} INFO - [2026-05-21T10:40:15.926+0000] {dagbag.py:538} INFO - Filling up the DagBag from /opt/airflow/dags/music_processing_dag.py
[2026-05-21T10:40:15.941+0000] {processor.py:840} INFO - DAG(s) 'music_processing' retrieved from /opt/airflow/dags/music_processing_dag.py
[2026-05-21T10:40:15.967+0000] {logging_mixin.py:188} INFO - [2026-05-21T10:40:15.966+0000] {dag.py:3036} INFO - Sync 1 DAGs
[2026-05-21T10:40:15.975+0000] {logging_mixin.py:188} INFO - [2026-05-21T10:40:15.975+0000] {dag.py:3823} INFO - Setting next_dagrun for music_processing to None, run_after=None
[2026-05-21T10:40:15.988+0000] {processor.py:183} INFO - Processing /opt/airflow/dags/music_processing_dag.py took 0.066 seconds
[2026-05-21T10:40:46.343+0000] {processor.py:161} INFO - Started process (PID=299) to work on /opt/airflow/dags/music_processing_dag.py
[2026-05-21T10:40:46.344+0000] {processor.py:830} INFO - Processing file /opt/airflow/dags/music_processing_dag.py for tasks to queue
[2026-05-21T10:40:46.346+0000] {logging_mixin.py:188} INFO - [2026-05-21T10:40:46.346+0000] {dagbag.py:538} INFO - Filling up the DagBag from /opt/airflow/dags/music_processing_dag.py
[2026-05-21T10:40:46.360+0000] {processor.py:840} INFO - DAG(s) 'music_processing' retrieved from /opt/airflow/dags/music_processing_dag.py
[2026-05-21T10:40:46.383+0000] {logging_mixin.py:188} INFO - [2026-05-21T10:40:46.383+0000] {dag.py:3036} INFO - Sync 1 DAGs
[2026-05-21T10:40:46.391+0000] {logging_mixin.py:188} INFO - [2026-05-21T10:40:46.391+0000] {dag.py:3823} INFO - Setting next_dagrun for music_processing to None, run_after=None
[2026-05-21T10:40:46.403+0000] {processor.py:183} INFO - Processing /opt/airflow/dags/music_processing_dag.py took 0.064 seconds
[2026-05-21T10:41:16.594+0000] {processor.py:161} INFO - Started process (PID=300) to work on /opt/airflow/dags/music_processing_dag.py
[2026-05-21T10:41:16.595+0000] {processor.py:830} INFO - Processing file /opt/airflow/dags/music_processing_dag.py for tasks to queue
[2026-05-21T10:41:16.596+0000] {logging_mixin.py:188} INFO - [2026-05-21T10:41:16.596+0000] {dagbag.py:538} INFO - Filling up the DagBag from /opt/airflow/dags/music_processing_dag.py
[2026-05-21T10:41:16.608+0000] {processor.py:840} INFO - DAG(s) 'music_processing' retrieved from /opt/airflow/dags/music_processing_dag.py
[2026-05-21T10:41:16.631+0000] {logging_mixin.py:188} INFO - [2026-05-21T10:41:16.631+0000] {dag.py:3036} INFO - Sync 1 DAGs
[2026-05-21T10:41:16.638+0000] {logging_mixin.py:188} INFO - [2026-05-21T10:41:16.638+0000] {dag.py:3823} INFO - Setting next_dagrun for music_processing to None, run_after=None
[2026-05-21T10:41:16.650+0000] {processor.py:183} INFO - Processing /opt/airflow/dags/music_processing_dag.py took 0.058 seconds
[2026-05-21T10:41:46.771+0000] {processor.py:161} INFO - Started process (PID=301) to work on /opt/airflow/dags/music_processing_dag.py
[2026-05-21T10:41:46.772+0000] {processor.py:830} INFO - Processing file /opt/airflow/dags/music_processing_dag.py for tasks to queue
[2026-05-21T10:41:46.774+0000] {logging_mixin.py:188} INFO - [2026-05-21T10:41:46.774+0000] {dagbag.py:538} INFO - Filling up the DagBag from /opt/airflow/dags/music_processing_dag.py
[2026-05-21T10:41:46.793+0000] {processor.py:840} INFO - DAG(s) 'music_processing' retrieved from /opt/airflow/dags/music_processing_dag.py
[2026-05-21T10:41:46.818+0000] {logging_mixin.py:188} INFO - [2026-05-21T10:41:46.818+0000] {dag.py:3036} INFO - Sync 1 DAGs
[2026-05-21T10:41:46.826+0000] {logging_mixin.py:188} INFO - [2026-05-21T10:41:46.826+0000] {dag.py:3823} INFO - Setting next_dagrun for music_processing to None, run_after=None
[2026-05-21T10:41:46.841+0000] {processor.py:183} INFO - Processing /opt/airflow/dags/music_processing_dag.py took 0.074 seconds
[2026-05-21T10:42:17.011+0000] {processor.py:161} INFO - Started process (PID=302) to work on /opt/airflow/dags/music_processing_dag.py
[2026-05-21T10:42:17.012+0000] {processor.py:830} INFO - Processing file /opt/airflow/dags/music_processing_dag.py for tasks to queue
[2026-05-21T10:42:17.013+0000] {logging_mixin.py:188} INFO - [2026-05-21T10:42:17.013+0000] {dagbag.py:538} INFO - Filling up the DagBag from /opt/airflow/dags/music_processing_dag.py
[2026-05-21T10:42:17.026+0000] {processor.py:840} INFO - DAG(s) 'music_processing' retrieved from /opt/airflow/dags/music_processing_dag.py
[2026-05-21T10:42:17.050+0000] {logging_mixin.py:188} INFO - [2026-05-21T10:42:17.050+0000] {dag.py:3036} INFO - Sync 1 DAGs
[2026-05-21T10:42:17.058+0000] {logging_mixin.py:188} INFO - [2026-05-21T10:42:17.058+0000] {dag.py:3823} INFO - Setting next_dagrun for music_processing to None, run_after=None
[2026-05-21T10:42:17.071+0000] {processor.py:183} INFO - Processing /opt/airflow/dags/music_processing_dag.py took 0.062 seconds
[2026-05-21T10:42:47.282+0000] {processor.py:161} INFO - Started process (PID=303) to work on /opt/airflow/dags/music_processing_dag.py
[2026-05-21T10:42:47.282+0000] {processor.py:830} INFO - Processing file /opt/airflow/dags/music_processing_dag.py for tasks to queue
[2026-05-21T10:42:47.283+0000] {logging_mixin.py:188} INFO - [2026-05-21T10:42:47.283+0000] {dagbag.py:538} INFO - Filling up the DagBag from /opt/airflow/dags/music_processing_dag.py
[2026-05-21T10:42:47.298+0000] {processor.py:840} INFO - DAG(s) 'music_processing' retrieved from /opt/airflow/dags/music_processing_dag.py
[2026-05-21T10:42:47.324+0000] {logging_mixin.py:188} INFO - [2026-05-21T10:42:47.323+0000] {dag.py:3036} INFO - Sync 1 DAGs
[2026-05-21T10:42:47.336+0000] {logging_mixin.py:188} INFO - [2026-05-21T10:42:47.336+0000] {dag.py:3823} INFO - Setting next_dagrun for music_processing to None, run_after=None
[2026-05-21T10:42:47.352+0000] {processor.py:183} INFO - Processing /opt/airflow/dags/music_processing_dag.py took 0.073 seconds
[2026-05-21T10:43:17.500+0000] {processor.py:161} INFO - Started process (PID=304) to work on /opt/airflow/dags/music_processing_dag.py
[2026-05-21T10:43:17.501+0000] {processor.py:830} INFO - Processing file /opt/airflow/dags/music_processing_dag.py for tasks to queue
[2026-05-21T10:43:17.503+0000] {logging_mixin.py:188} INFO - [2026-05-21T10:43:17.502+0000] {dagbag.py:538} INFO - Filling up the DagBag from /opt/airflow/dags/music_processing_dag.py
[2026-05-21T10:43:17.522+0000] {processor.py:840} INFO - DAG(s) 'music_processing' retrieved from /opt/airflow/dags/music_processing_dag.py
[2026-05-21T10:43:17.548+0000] {logging_mixin.py:188} INFO - [2026-05-21T10:43:17.548+0000] {dag.py:3036} INFO - Sync 1 DAGs
[2026-05-21T10:43:17.927+0000] {logging_mixin.py:188} INFO - [2026-05-21T10:43:17.927+0000] {dag.py:3823} INFO - Setting next_dagrun for music_processing to None, run_after=None
[2026-05-21T10:43:17.941+0000] {processor.py:183} INFO - Processing /opt/airflow/dags/music_processing_dag.py took 0.445 seconds
[2026-05-21T10:43:48.220+0000] {processor.py:161} INFO - Started process (PID=305) to work on /opt/airflow/dags/music_processing_dag.py
[2026-05-21T10:43:48.221+0000] {processor.py:830} INFO - Processing file /opt/airflow/dags/music_processing_dag.py for tasks to queue
[2026-05-21T10:43:48.222+0000] {logging_mixin.py:188} INFO - [2026-05-21T10:43:48.222+0000] {dagbag.py:538} INFO - Filling up the DagBag from /opt/airflow/dags/music_processing_dag.py
[2026-05-21T10:43:48.235+0000] {processor.py:840} INFO - DAG(s) 'music_processing' retrieved from /opt/airflow/dags/music_processing_dag.py
[2026-05-21T10:43:48.266+0000] {logging_mixin.py:188} INFO - [2026-05-21T10:43:48.265+0000] {dag.py:3036} INFO - Sync 1 DAGs
[2026-05-21T10:43:48.274+0000] {logging_mixin.py:188} INFO - [2026-05-21T10:43:48.273+0000] {dag.py:3823} INFO - Setting next_dagrun for music_processing to None, run_after=None
[2026-05-21T10:43:48.285+0000] {processor.py:183} INFO - Processing /opt/airflow/dags/music_processing_dag.py took 0.067 seconds
[2026-05-21T10:44:18.424+0000] {processor.py:161} INFO - Started process (PID=306) to work on /opt/airflow/dags/music_processing_dag.py
[2026-05-21T10:44:18.424+0000] {processor.py:830} INFO - Processing file /opt/airflow/dags/music_processing_dag.py for tasks to queue
[2026-05-21T10:44:18.426+0000] {logging_mixin.py:188} INFO - [2026-05-21T10:44:18.425+0000] {dagbag.py:538} INFO - Filling up the DagBag from /opt/airflow/dags/music_processing_dag.py
[2026-05-21T10:44:18.438+0000] {processor.py:840} INFO - DAG(s) 'music_processing' retrieved from /opt/airflow/dags/music_processing_dag.py
[2026-05-21T10:44:18.463+0000] {logging_mixin.py:188} INFO - [2026-05-21T10:44:18.463+0000] {dag.py:3036} INFO - Sync 1 DAGs
[2026-05-21T10:44:18.471+0000] {logging_mixin.py:188} INFO - [2026-05-21T10:44:18.471+0000] {dag.py:3823} INFO - Setting next_dagrun for music_processing to None, run_after=None
[2026-05-21T10:44:18.583+0000] {processor.py:183} INFO - Processing /opt/airflow/dags/music_processing_dag.py took 0.161 seconds
[2026-05-21T10:44:48.791+0000] {processor.py:161} INFO - Started process (PID=307) to work on /opt/airflow/dags/music_processing_dag.py
[2026-05-21T10:44:48.792+0000] {processor.py:830} INFO - Processing file /opt/airflow/dags/music_processing_dag.py for tasks to queue
[2026-05-21T10:44:48.794+0000] {logging_mixin.py:188} INFO - [2026-05-21T10:44:48.793+0000] {dagbag.py:538} INFO - Filling up the DagBag from /opt/airflow/dags/music_processing_dag.py
[2026-05-21T10:44:48.812+0000] {processor.py:840} INFO - DAG(s) 'music_processing' retrieved from /opt/airflow/dags/music_processing_dag.py
[2026-05-21T10:44:48.935+0000] {logging_mixin.py:188} INFO - [2026-05-21T10:44:48.935+0000] {dag.py:3036} INFO - Sync 1 DAGs
[2026-05-21T10:44:48.943+0000] {logging_mixin.py:188} INFO - [2026-05-21T10:44:48.943+0000] {dag.py:3823} INFO - Setting next_dagrun for music_processing to None, run_after=None
[2026-05-21T10:44:48.958+0000] {processor.py:183} INFO - Processing /opt/airflow/dags/music_processing_dag.py took 0.171 seconds
[2026-05-21T10:45:18.992+0000] {processor.py:161} INFO - Started process (PID=308) to work on /opt/airflow/dags/music_processing_dag.py
[2026-05-21T10:45:18.993+0000] {processor.py:830} INFO - Processing file /opt/airflow/dags/music_processing_dag.py for tasks to queue
[2026-05-21T10:45:18.995+0000] {logging_mixin.py:188} INFO - [2026-05-21T10:45:18.995+0000] {dagbag.py:538} INFO - Filling up the DagBag from /opt/airflow/dags/music_processing_dag.py
[2026-05-21T10:45:19.010+0000] {processor.py:840} INFO - DAG(s) 'music_processing' retrieved from /opt/airflow/dags/music_processing_dag.py
[2026-05-21T10:45:19.038+0000] {logging_mixin.py:188} INFO - [2026-05-21T10:45:19.038+0000] {dag.py:3036} INFO - Sync 1 DAGs
[2026-05-21T10:45:19.046+0000] {logging_mixin.py:188} INFO - [2026-05-21T10:45:19.046+0000] {dag.py:3823} INFO - Setting next_dagrun for music_processing to None, run_after=None
[2026-05-21T10:45:19.060+0000] {processor.py:183} INFO - Processing /opt/airflow/dags/music_processing_dag.py took 0.071 seconds
[2026-05-21T10:45:49.287+0000] {processor.py:161} INFO - Started process (PID=309) to work on /opt/airflow/dags/music_processing_dag.py
[2026-05-21T10:45:49.287+0000] {processor.py:830} INFO - Processing file /opt/airflow/dags/music_processing_dag.py for tasks to queue
[2026-05-21T10:45:49.289+0000] {logging_mixin.py:188} INFO - [2026-05-21T10:45:49.288+0000] {dagbag.py:538} INFO - Filling up the DagBag from /opt/airflow/dags/music_processing_dag.py
[2026-05-21T10:45:49.299+0000] {processor.py:840} INFO - DAG(s) 'music_processing' retrieved from /opt/airflow/dags/music_processing_dag.py
[2026-05-21T10:45:49.322+0000] {logging_mixin.py:188} INFO - [2026-05-21T10:45:49.322+0000] {dag.py:3036} INFO - Sync 1 DAGs
[2026-05-21T10:45:49.418+0000] {logging_mixin.py:188} INFO - [2026-05-21T10:45:49.418+0000] {dag.py:3823} INFO - Setting next_dagrun for music_processing to None, run_after=None
[2026-05-21T10:45:49.429+0000] {processor.py:183} INFO - Processing /opt/airflow/dags/music_processing_dag.py took 0.144 seconds
[2026-05-21T10:46:19.723+0000] {processor.py:161} INFO - Started process (PID=310) to work on /opt/airflow/dags/music_processing_dag.py
[2026-05-21T10:46:19.724+0000] {processor.py:830} INFO - Processing file /opt/airflow/dags/music_processing_dag.py for tasks to queue
[2026-05-21T10:46:19.725+0000] {logging_mixin.py:188} INFO - [2026-05-21T10:46:19.725+0000] {dagbag.py:538} INFO - Filling up the DagBag from /opt/airflow/dags/music_processing_dag.py
[2026-05-21T10:46:19.737+0000] {processor.py:840} INFO - DAG(s) 'music_processing' retrieved from /opt/airflow/dags/music_processing_dag.py
[2026-05-21T10:46:19.776+0000] {logging_mixin.py:188} INFO - [2026-05-21T10:46:19.776+0000] {dag.py:3036} INFO - Sync 1 DAGs
[2026-05-21T10:46:19.787+0000] {logging_mixin.py:188} INFO - [2026-05-21T10:46:19.787+0000] {dag.py:3823} INFO - Setting next_dagrun for music_processing to None, run_after=None
[2026-05-21T10:46:19.806+0000] {processor.py:183} INFO - Processing /opt/airflow/dags/music_processing_dag.py took 0.084 seconds
[2026-05-21T10:46:49.946+0000] {processor.py:161} INFO - Started process (PID=311) to work on /opt/airflow/dags/music_processing_dag.py
[2026-05-21T10:46:49.947+0000] {processor.py:830} INFO - Processing file /opt/airflow/dags/music_processing_dag.py for tasks to queue
[2026-05-21T10:46:49.948+0000] {logging_mixin.py:188} INFO - [2026-05-21T10:46:49.948+0000] {dagbag.py:538} INFO - Filling up the DagBag from /opt/airflow/dags/music_processing_dag.py
[2026-05-21T10:46:49.959+0000] {processor.py:840} INFO - DAG(s) 'music_processing' retrieved from /opt/airflow/dags/music_processing_dag.py
[2026-05-21T10:46:49.985+0000] {logging_mixin.py:188} INFO - [2026-05-21T10:46:49.985+0000] {dag.py:3036} INFO - Sync 1 DAGs
[2026-05-21T10:46:49.994+0000] {logging_mixin.py:188} INFO - [2026-05-21T10:46:49.993+0000] {dag.py:3823} INFO - Setting next_dagrun for music_processing to None, run_after=None
[2026-05-21T10:46:50.006+0000] {processor.py:183} INFO - Processing /opt/airflow/dags/music_processing_dag.py took 0.062 seconds
[2026-05-21T10:47:20.171+0000] {processor.py:161} INFO - Started process (PID=312) to work on /opt/airflow/dags/music_processing_dag.py
[2026-05-21T10:47:20.172+0000] {processor.py:830} INFO - Processing file /opt/airflow/dags/music_processing_dag.py for tasks to queue
[2026-05-21T10:47:20.173+0000] {logging_mixin.py:188} INFO - [2026-05-21T10:47:20.173+0000] {dagbag.py:538} INFO - Filling up the DagBag from /opt/airflow/dags/music_processing_dag.py
[2026-05-21T10:47:20.184+0000] {processor.py:840} INFO - DAG(s) 'music_processing' retrieved from /opt/airflow/dags/music_processing_dag.py
[2026-05-21T10:47:20.211+0000] {logging_mixin.py:188} INFO - [2026-05-21T10:47:20.210+0000] {dag.py:3036} INFO - Sync 1 DAGs
[2026-05-21T10:47:20.219+0000] {logging_mixin.py:188} INFO - [2026-05-21T10:47:20.219+0000] {dag.py:3823} INFO - Setting next_dagrun for music_processing to None, run_after=None
[2026-05-21T10:47:20.232+0000] {processor.py:183} INFO - Processing /opt/airflow/dags/music_processing_dag.py took 0.063 seconds
[2026-05-21T10:47:50.442+0000] {processor.py:161} INFO - Started process (PID=313) to work on /opt/airflow/dags/music_processing_dag.py
[2026-05-21T10:47:50.442+0000] {processor.py:830} INFO - Processing file /opt/airflow/dags/music_processing_dag.py for tasks to queue
[2026-05-21T10:47:50.443+0000] {logging_mixin.py:188} INFO - [2026-05-21T10:47:50.443+0000] {dagbag.py:538} INFO - Filling up the DagBag from /opt/airflow/dags/music_processing_dag.py
[2026-05-21T10:47:50.456+0000] {processor.py:840} INFO - DAG(s) 'music_processing' retrieved from /opt/airflow/dags/music_processing_dag.py
[2026-05-21T10:47:50.481+0000] {logging_mixin.py:188} INFO - [2026-05-21T10:47:50.481+0000] {dag.py:3036} INFO - Sync 1 DAGs
[2026-05-21T10:47:50.490+0000] {logging_mixin.py:188} INFO - [2026-05-21T10:47:50.490+0000] {dag.py:3823} INFO - Setting next_dagrun for music_processing to None, run_after=None
[2026-05-21T10:47:50.514+0000] {processor.py:183} INFO - Processing /opt/airflow/dags/music_processing_dag.py took 0.075 seconds
